date,repeat_idx,window_idx,year,strategy_ret
1981-01-31,1,1,1981,0.012734744477037586
1981-02-28,1,1,1981,-0.0005371826264488475
1981-03-31,1,1,1981,0.010122825686557115
1981-04-30,1,1,1981,0.028170714208529696
1981-05-31,1,1,1981,-0.007462827732876985
1981-06-30,1,1,1981,0.013097987482158346
1981-07-31,1,1,1981,0.015590995790244713
1981-08-31,1,1,1981,0.009604355835815523
1981-09-30,1,1,1981,-0.009879824032527771
1981-10-31,1,1,1981,-0.000923113127384551
1981-11-30,1,1,1981,0.029726234027051456
1981-12-31,1,1,1981,-0.0016253221660434466
1982-01-31,1,2,1982,0.01792039789314093
1982-02-28,1,2,1982,0.024572461480603592
1982-03-31,1,2,1982,0.02437007377204557
1982-04-30,1,2,1982,0.00995478464156868
1982-05-31,1,2,1982,0.010544015351203223
1982-06-30,1,2,1982,0.023673135713601166
1982-07-31,1,2,1982,0.017315569534182777
1982-08-31,1,2,1982,0.03323201004324868
1982-09-30,1,2,1982,0.057073217798705916
1982-10-31,1,2,1982,0.028405292979485557
1982-11-30,1,2,1982,0.03648222059385849
1982-12-31,1,2,1982,0.01916562555950533
1983-01-31,1,3,1983,0.01144032254902929
1983-02-28,1,3,1983,0.0579949179887109
1983-03-31,1,3,1983,0.03180794382119941
1983-04-30,1,3,1983,0.04306353404841672
1983-05-31,1,3,1983,-0.006914417630344376
1983-06-30,1,3,1983,0.008645985975814738
1983-07-31,1,3,1983,0.026986339778078437
1983-08-31,1,3,1983,0.039052141011417435
1983-09-30,1,3,1983,0.042429424907236085
1983-10-31,1,3,1983,0.026944897763973547
1983-11-30,1,3,1983,0.019183733426671793
1983-12-31,1,3,1983,0.019708251336786112
1984-01-31,1,4,1984,0.02266324260132049
1984-02-29,1,4,1984,0.016107779871794802
1984-03-31,1,4,1984,0.00581115207024137
1984-04-30,1,4,1984,0.02759583379122233
1984-05-31,1,4,1984,0.05191880050352669
1984-06-30,1,4,1984,0.0010242154275144598
1984-07-31,1,4,1984,0.022826813649334463
1984-08-31,1,4,1984,0.037555452059205435
1984-09-30,1,4,1984,0.024580891776738726
1984-10-31,1,4,1984,0.04955650041633789
1984-11-30,1,4,1984,0.04222964264278889
1984-12-31,1,4,1984,0.01483286539534782
1985-01-31,1,5,1985,-0.052319796869567316
1985-02-28,1,5,1985,0.0485157178038099
1985-03-31,1,5,1985,0.02653218223624719
1985-04-30,1,5,1985,0.02807032561831946
1985-05-31,1,5,1985,0.05260815537322098
1985-06-30,1,5,1985,0.0005408636696349736
1985-07-31,1,5,1985,0.011513069834328161
1985-08-31,1,5,1985,-0.015071826034568752
1985-09-30,1,5,1985,0.017323181825254802
1985-10-31,1,5,1985,0.00683287337962764
1985-11-30,1,5,1985,0.03736987613311401
1985-12-31,1,5,1985,0.01171861113539928
1986-01-31,1,6,1986,0.001086431980733818
1986-02-28,1,6,1986,0.03071702714883373
1986-03-31,1,6,1986,0.03232002031203379
1986-04-30,1,6,1986,0.009733697410566743
1986-05-31,1,6,1986,0.04981286873164362
1986-06-30,1,6,1986,0.047375459234826126
1986-07-31,1,6,1986,0.02038545300174298
1986-08-31,1,6,1986,0.03864130597825003
1986-09-30,1,6,1986,-0.0296843776114002
1986-10-31,1,6,1986,0.036864018419832015
1986-11-30,1,6,1986,0.024945860800214163
1986-12-31,1,6,1986,0.019343460730098763
1987-01-31,1,7,1987,0.09531819919433195
1987-02-28,1,7,1987,-0.02203570413816682
1987-03-31,1,7,1987,0.012343816484788175
1987-04-30,1,7,1987,0.03300063205867169
1987-05-31,1,7,1987,0.046567271545728844
1987-06-30,1,7,1987,0.040104442676151014
1987-07-31,1,7,1987,0.08261607561629362
1987-08-31,1,7,1987,0.04426955673983796
1987-09-30,1,7,1987,0.01976343453222869
1987-10-31,1,7,1987,0.00041218762554839916
1987-11-30,1,7,1987,0.06171835091877378
1987-12-31,1,7,1987,0.04781163495952305
1988-01-31,1,8,1988,-0.01890863925147432
1988-02-29,1,8,1988,0.07226060674611819
1988-03-31,1,8,1988,-0.006292080595350122
1988-04-30,1,8,1988,0.04898732328180299
1988-05-31,1,8,1988,0.08311383726170948
1988-06-30,1,8,1988,0.04460878424091358
1988-07-31,1,8,1988,0.03281378986543032
1988-08-31,1,8,1988,0.039125748048659814
1988-09-30,1,8,1988,0.09542014389376928
1988-10-31,1,8,1988,0.045784247499974076
1988-11-30,1,8,1988,0.038181032863674795
1988-12-31,1,8,1988,0.052032142839171
1989-01-31,1,9,1989,0.0724582431026542
1989-02-28,1,9,1989,0.009630189908543817
1989-03-31,1,9,1989,0.06980160752269632
1989-04-30,1,9,1989,0.06618875730061317
1989-05-31,1,9,1989,0.05571446162305038
1989-06-30,1,9,1989,0.04790349964983335
1989-07-31,1,9,1989,0.03903869991972861
1989-08-31,1,9,1989,0.0015546797270276783
1989-09-30,1,9,1989,0.0014923745697955862
1989-10-31,1,9,1989,0.048232418734321346
1989-11-30,1,9,1989,-0.03361752228979602
1989-12-31,1,9,1989,0.06304875520311642
1990-01-31,1,10,1990,0.032357102866828705
1990-02-28,1,10,1990,0.07654444383541813
1990-03-31,1,10,1990,0.0476484014149147
1990-04-30,1,10,1990,0.021456081350946156
1990-05-31,1,10,1990,0.03720128141952318
1990-06-30,1,10,1990,0.05588000452537646
1990-07-31,1,10,1990,0.05553417930327545
1990-08-31,1,10,1990,0.04695878288309851
1990-09-30,1,10,1990,0.05500901193188841
1990-10-31,1,10,1990,0.045885031324417756
1990-11-30,1,10,1990,0.04767468200837547
1990-12-31,1,10,1990,0.10057326584942732
1991-01-31,1,11,1991,0.013035999458688012
1991-02-28,1,11,1991,0.032457234146296476
1991-03-31,1,11,1991,0.04298314595872383
1991-04-30,1,11,1991,0.04665564399475781
1991-05-31,1,11,1991,0.07639166237739999
1991-06-30,1,11,1991,0.0500773407970622
1991-07-31,1,11,1991,0.05283950724907737
1991-08-31,1,11,1991,0.03546770448333049
1991-09-30,1,11,1991,-0.004553476526183306
1991-10-31,1,11,1991,0.015432882151219131
1991-11-30,1,11,1991,-0.01089135063171884
1991-12-31,1,11,1991,0.06355597545587616
1992-01-31,1,12,1992,-0.007517294624808399
1992-02-29,1,12,1992,0.08199676498266237
1992-03-31,1,12,1992,0.06877450939997665
1992-04-30,1,12,1992,0.07144626792944403
1992-05-31,1,12,1992,0.04289742037895365
1992-06-30,1,12,1992,0.03438664631546536
1992-07-31,1,12,1992,0.04649078152099075
1992-08-31,1,12,1992,0.05268454847506835
1992-09-30,1,12,1992,0.0397059075054665
1992-10-31,1,12,1992,0.04304449289521482
1992-11-30,1,12,1992,0.017291781923141743
1992-12-31,1,12,1992,0.048820740243010904
1993-01-31,1,13,1993,0.12255021395085264
1993-02-28,1,13,1993,0.10020027270611966
1993-03-31,1,13,1993,0.04232173513831032
1993-04-30,1,13,1993,0.07174705370963515
1993-05-31,1,13,1993,0.03877715611299088
1993-06-30,1,13,1993,0.10412297529368159
1993-07-31,1,13,1993,0.05528638277464977
1993-08-31,1,13,1993,0.003113821514343428
1993-09-30,1,13,1993,-0.004464063290785676
1993-10-31,1,13,1993,0.03707283766878239
1993-11-30,1,13,1993,0.0542997707973502
1993-12-31,1,13,1993,0.04787127193141959
1994-01-31,1,14,1994,0.046972550699673016
1994-02-28,1,14,1994,0.047817070870196286
1994-03-31,1,14,1994,0.02467151628253761
1994-04-30,1,14,1994,0.051268534516045974
1994-05-31,1,14,1994,0.03891146982160273
1994-06-30,1,14,1994,0.03880122175488334
1994-07-31,1,14,1994,0.029580633599591625
1994-08-31,1,14,1994,0.04487792442451747
1994-09-30,1,14,1994,0.035967446623443394
1994-10-31,1,14,1994,0.028972118944466232
1994-11-30,1,14,1994,0.02130495522088849
1994-12-31,1,14,1994,0.07845652601680606
1995-01-31,1,15,1995,0.01834583628553186
1995-02-28,1,15,1995,0.0357096193669188
1995-03-31,1,15,1995,0.04094648358393181
1995-04-30,1,15,1995,0.038793224763137554
1995-05-31,1,15,1995,0.024015279873400214
1995-06-30,1,15,1995,0.0015216767700038376
1995-07-31,1,15,1995,0.034376953458408556
1995-08-31,1,15,1995,-0.006242657749405139
1995-09-30,1,15,1995,0.03858181595739208
1995-10-31,1,15,1995,0.051695883259201394
1995-11-30,1,15,1995,0.04123897014567253
1995-12-31,1,15,1995,0.017143847849159392
1996-01-31,1,16,1996,0.05578966587803276
1996-02-29,1,16,1996,0.013084554612843826
1996-03-31,1,16,1996,0.01814549007787168
1996-04-30,1,16,1996,0.006108178227002406
1996-05-31,1,16,1996,0.024154702409380054
1996-06-30,1,16,1996,0.09685957155281961
1996-07-31,1,16,1996,0.03975444691181524
1996-08-31,1,16,1996,0.023177004881110425
1996-09-30,1,16,1996,0.043461629094938545
1996-10-31,1,16,1996,0.07358768695498877
1996-11-30,1,16,1996,0.04462086085479605
1996-12-31,1,16,1996,0.046492274461345844
1997-01-31,1,17,1997,0.04099078960640286
1997-02-28,1,17,1997,0.07257590159186893
1997-03-31,1,17,1997,0.07271767105297168
1997-04-30,1,17,1997,0.07797028953630326
1997-05-31,1,17,1997,0.007332633841002937
1997-06-30,1,17,1997,0.05863030504315879
1997-07-31,1,17,1997,0.04004066846810608
1997-08-31,1,17,1997,0.023265772646633088
1997-09-30,1,17,1997,-0.03136748812996645
1997-10-31,1,17,1997,0.07157630347946367
1997-11-30,1,17,1997,0.10554552380451912
1997-12-31,1,17,1997,0.06625852360120887
1998-01-31,1,18,1998,0.03998696500394177
1998-02-28,1,18,1998,0.02056730455108019
1998-03-31,1,18,1998,0.007468075784795863
1998-04-30,1,18,1998,0.02889415170660139
1998-05-31,1,18,1998,0.02436624114985455
1998-06-30,1,18,1998,0.053572385145548004
1998-07-31,1,18,1998,0.022140141213288174
1998-08-31,1,18,1998,0.022249892989740214
1998-09-30,1,18,1998,0.08179464849436043
1998-10-31,1,18,1998,0.026762719404915022
1998-11-30,1,18,1998,-0.004825190112804832
1998-12-31,1,18,1998,0.07636093903119513
1999-01-31,1,19,1999,0.07072504942029842
1999-02-28,1,19,1999,0.0482839509032433
1999-03-31,1,19,1999,-0.00014708875487562558
1999-04-30,1,19,1999,0.05488308658665365
1999-05-31,1,19,1999,0.08853147234336535
1999-06-30,1,19,1999,0.0866252285593689
1999-07-31,1,19,1999,0.04187543088575548
1999-08-31,1,19,1999,0.02307439693371193
1999-09-30,1,19,1999,0.023517754761398307
1999-10-31,1,19,1999,0.054705319240408196
1999-11-30,1,19,1999,-0.03433108573396376
1999-12-31,1,19,1999,-0.07621423289296969
2000-01-31,1,20,2000,0.025851986372268407
2000-02-29,1,20,2000,-0.03964746447430539
2000-03-31,1,20,2000,0.08980956143403833
2000-04-30,1,20,2000,0.09965018157694142
2000-05-31,1,20,2000,0.10619220875022026
2000-06-30,1,20,2000,0.004905151815203542
2000-07-31,1,20,2000,0.05145382401004227
2000-08-31,1,20,2000,0.08002436064863742
2000-09-30,1,20,2000,0.017508689828979563
2000-10-31,1,20,2000,0.058751913081434314
2000-11-30,1,20,2000,0.04116312964069721
2000-12-31,1,20,2000,0.06463191514176125
2001-01-31,1,21,2001,0.02979203109218923
2001-02-28,1,21,2001,0.08492924671645463
2001-03-31,1,21,2001,0.09256250916829128
2001-04-30,1,21,2001,0.014159313899416603
2001-05-31,1,21,2001,0.037145497995124704
2001-06-30,1,21,2001,0.051277399136989775
2001-07-31,1,21,2001,0.029982561667182977
2001-08-31,1,21,2001,0.018578697111058213
2001-09-30,1,21,2001,0.11548470321151619
2001-10-31,1,21,2001,0.0018963658852127999
2001-11-30,1,21,2001,-0.09730085514939249
2001-12-31,1,21,2001,-0.004316231340040999
2002-01-31,1,22,2002,0.21892825171913766
2002-02-28,1,22,2002,0.1205262028993453
2002-03-31,1,22,2002,0.10351083450629125
2002-04-30,1,22,2002,0.11129468295928961
2002-05-31,1,22,2002,0.11710008440932174
2002-06-30,1,22,2002,-0.0119546173890753
2002-07-31,1,22,2002,-0.03819439895561577
2002-08-31,1,22,2002,0.17181420565333427
2002-09-30,1,22,2002,-0.02217986797184454
2002-10-31,1,22,2002,0.08032023211244861
2002-11-30,1,22,2002,0.04424515104582227
2002-12-31,1,22,2002,0.03970802907364679
2004-01-31,1,24,2004,0.005671887477592548
2004-02-29,1,24,2004,0.023250172943583385
2004-03-31,1,24,2004,0.02390569695770418
2004-04-30,1,24,2004,0.03763894410747282
2004-05-31,1,24,2004,0.012540519438252134
2004-06-30,1,24,2004,0.01905055692505951
2004-07-31,1,24,2004,0.024120103273584215
2004-08-31,1,24,2004,0.036317469232976636
2004-09-30,1,24,2004,0.0452077848232155
2004-10-31,1,24,2004,0.026134394054326108
2004-11-30,1,24,2004,0.10776596647775967
2004-12-31,1,24,2004,-0.008637372849010373
2005-01-31,1,25,2005,0.07531450760596238
2005-02-28,1,25,2005,0.05673025727488531
2005-03-31,1,25,2005,0.13680168356539918
2005-04-30,1,25,2005,-0.026316556537116093
2005-05-31,1,25,2005,-0.004875230952958998
2005-06-30,1,25,2005,0.052957310111544496
2005-07-31,1,25,2005,-0.005960779013940237
2005-08-31,1,25,2005,0.008888935329075637
2005-09-30,1,25,2005,0.03567152518026596
2005-10-31,1,25,2005,-0.012068910393543686
2005-11-30,1,25,2005,0.11742449105191909
2005-12-31,1,25,2005,0.041906444967581724
2006-01-31,1,26,2006,0.008972421526831151
2006-02-28,1,26,2006,-0.0010187423888279824
2006-03-31,1,26,2006,0.010460356042976437
2006-04-30,1,26,2006,0.02237369014695171
2006-05-31,1,26,2006,0.010244857398638726
2006-06-30,1,26,2006,0.03330797582537775
2006-07-31,1,26,2006,0.02387391285409076
2006-08-31,1,26,2006,0.007072879543770884
2006-09-30,1,26,2006,0.026996132960278536
2006-10-31,1,26,2006,0.02190559900571386
2006-11-30,1,26,2006,0.024421529286653764
2006-12-31,1,26,2006,0.007103626925062255
2007-01-31,1,27,2007,0.023774345858176168
2007-02-28,1,27,2007,0.025364350258397908
2007-03-31,1,27,2007,0.001601339593438528
2007-04-30,1,27,2007,0.010244123463092253
2007-05-31,1,27,2007,0.022220242793596905
2007-06-30,1,27,2007,0.03835982881733001
2007-07-31,1,27,2007,0.04229240729870482
2007-08-31,1,27,2007,0.03273636791211441
2007-09-30,1,27,2007,0.02251570895941303
2007-10-31,1,27,2007,0.006469889400296266
2007-11-30,1,27,2007,-0.003952537288121349
2007-12-31,1,27,2007,-0.005838488604972453
2008-01-31,1,28,2008,0.001874032322768576
2008-02-29,1,28,2008,0.06440123041991687
2008-03-31,1,28,2008,0.026980033476040746
2008-04-30,1,28,2008,0.0030049317055360434
2008-05-31,1,28,2008,0.051402233985696426
2008-06-30,1,28,2008,0.014574000326356855
2008-07-31,1,28,2008,-0.028691706822132984
2008-08-31,1,28,2008,0.020953578628198383
2008-09-30,1,28,2008,-0.044283107733513995
2008-10-31,1,28,2008,0.004985184732429614
2008-11-30,1,28,2008,0.006545826611518121
2008-12-31,1,28,2008,0.03360690913768528
2009-01-31,1,29,2009,0.09503052255768481
2009-02-28,1,29,2009,0.01869353570539569
2009-03-31,1,29,2009,0.049914965869337746
2009-04-30,1,29,2009,0.02969215968336698
2009-05-31,1,29,2009,0.04628734678041224
2009-06-30,1,29,2009,0.05119795748031525
2009-07-31,1,29,2009,-0.0027112377354277873
2009-08-31,1,29,2009,0.008222731972724521
2009-09-30,1,29,2009,-0.006605754339090598
2009-10-31,1,29,2009,0.04339703164490951
2009-11-30,1,29,2009,0.05715654994015871
2009-12-31,1,29,2009,-0.002463658502689609
2010-01-31,1,30,2010,0.04320918410716612
2010-02-28,1,30,2010,0.000619398729534896
2010-03-31,1,30,2010,-0.008248896252359122
2010-04-30,1,30,2010,-0.024412977766010032
2010-05-31,1,30,2010,0.034304726005070924
2010-06-30,1,30,2010,0.020625900243955542
2010-07-31,1,30,2010,0.013366054725620543
2010-08-31,1,30,2010,0.03762890355114732
2010-09-30,1,30,2010,0.0011114059714358348
2010-10-31,1,30,2010,0.023695085386127333
2010-11-30,1,30,2010,0.0015577688380933022
2010-12-31,1,30,2010,-0.030174541612326956
2011-01-31,1,31,2011,0.10904174651550323
2011-02-28,1,31,2011,0.011073698535505518
2011-03-31,1,31,2011,0.018343016073397094
2011-04-30,1,31,2011,0.011499307300495473
2011-05-31,1,31,2011,0.006426176060771616
2011-06-30,1,31,2011,0.02605434596310049
2011-07-31,1,31,2011,0.025562543262557896
2011-08-31,1,31,2011,0.03708359972110275
2011-09-30,1,31,2011,0.038844146271921114
2011-10-31,1,31,2011,-0.015809813655539365
2011-11-30,1,31,2011,0.036906766151065404
2011-12-31,1,31,2011,-0.022695845122777777
2012-01-31,1,32,2012,0.079229868030602
2012-02-29,1,32,2012,0.045828495128692075
2012-03-31,1,32,2012,0.01804522018038728
2012-04-30,1,32,2012,0.05877684179066425
2012-05-31,1,32,2012,-0.02593990130316004
2012-06-30,1,32,2012,-0.04514640250254541
2012-07-31,1,32,2012,0.004420282229204563
2012-08-31,1,32,2012,-2.824749364161317e-05
2012-09-30,1,32,2012,0.0008154666071684309
2012-10-31,1,32,2012,0.07297987914438042
2012-11-30,1,32,2012,0.0250605405431829
2012-12-31,1,32,2012,0.004376849657849123
2013-01-31,1,33,2013,0.06849907682251527
2013-02-28,1,33,2013,0.03901299243289585
2013-03-31,1,33,2013,-0.017149093669504397
2013-04-30,1,33,2013,-0.0013179322666538743
2013-05-31,1,33,2013,0.04442039644192483
2013-06-30,1,33,2013,-0.009722446588393356
2013-07-31,1,33,2013,0.02622182026297888
2013-08-31,1,33,2013,0.017580577527346875
2013-09-30,1,33,2013,0.006489460575719245
2013-10-31,1,33,2013,0.047393363945996525
2013-11-30,1,33,2013,0.00039992295655984396
2013-12-31,1,33,2013,0.005168042077981582
2014-01-31,1,34,2014,0.01303468669785171
2014-02-28,1,34,2014,0.015481388168525557
2014-03-31,1,34,2014,0.05539479358076453
2014-04-30,1,34,2014,0.01575452824853908
2014-05-31,1,34,2014,0.02573395647404028
2014-06-30,1,34,2014,-0.019605965673763392
2014-07-31,1,34,2014,0.052088721414783976
2014-08-31,1,34,2014,0.014792481379926737
2014-09-30,1,34,2014,0.047105353846349805
2014-10-31,1,34,2014,0.04009858934678258
2014-11-30,1,34,2014,0.007309159619808263
2014-12-31,1,34,2014,-0.022173702267571354
2015-01-31,1,35,2015,0.026155400725722228
2015-02-28,1,35,2015,-0.02409015546627366
2015-03-31,1,35,2015,0.007090590997741866
2015-04-30,1,35,2015,0.03545387213408522
2015-05-31,1,35,2015,0.05719575504389994
2015-06-30,1,35,2015,0.00826422597897014
2015-07-31,1,35,2015,0.061377485353522256
2015-08-31,1,35,2015,0.018047954753499712
2015-09-30,1,35,2015,0.06722164936227905
2015-10-31,1,35,2015,0.02335960548924861
2015-11-30,1,35,2015,0.04413849137194857
2015-12-31,1,35,2015,0.030126586518037887
2016-01-31,1,36,2016,0.03440197475299757
2016-02-29,1,36,2016,0.035065256657930206
2016-03-31,1,36,2016,0.02734079606377635
2016-04-30,1,36,2016,-0.05139775581975989
2016-05-31,1,36,2016,0.03848948306280774
2016-06-30,1,36,2016,0.02819289058171256
2016-07-31,1,36,2016,0.07528913509202331
2016-08-31,1,36,2016,-0.017623850591810583
2016-09-30,1,36,2016,-0.016208799367327584
2016-10-31,1,36,2016,0.015577773490922597
2016-11-30,1,36,2016,0.015513000450374797
2016-12-31,1,36,2016,0.018849885160535887
2017-01-31,1,37,2017,0.04069917048848573
2017-02-28,1,37,2017,0.02814101845694035
2017-03-31,1,37,2017,0.018531741299584976
2017-04-30,1,37,2017,0.03895870327530145
2017-05-31,1,37,2017,0.01872787876456578
2017-06-30,1,37,2017,-0.015850648740025012
2017-07-31,1,37,2017,0.024479859794673292
2017-08-31,1,37,2017,-0.007142543791880753
2017-09-30,1,37,2017,0.017829916616832246
2017-10-31,1,37,2017,0.00639711508151543
2017-11-30,1,37,2017,0.014943793659985766
2017-12-31,1,37,2017,-0.011936392567219395
2018-01-31,1,38,2018,0.011132958549206444
2018-02-28,1,38,2018,-0.02387795659297006
2018-03-31,1,38,2018,0.015007687807241548
2018-04-30,1,38,2018,-0.02941945889565928
2018-05-31,1,38,2018,-0.028320865419148723
2018-06-30,1,38,2018,0.023068298566334376
2018-07-31,1,38,2018,0.020298100689826664
2018-08-31,1,38,2018,0.010304376177260283
2018-09-30,1,38,2018,-0.022301989058584784
2018-10-31,1,38,2018,-0.046469658490775154
2018-11-30,1,38,2018,0.0029440089796872616
2018-12-31,1,38,2018,-0.05828235649706875
2019-01-31,1,39,2019,0.032442302470562956
2019-02-28,1,39,2019,0.030452613817473266
2019-03-31,1,39,2019,0.024284778888859077
2019-04-30,1,39,2019,0.03920784145015142
2019-05-31,1,39,2019,-0.016298233288240364
2019-06-30,1,39,2019,0.029850118923919707
2019-07-31,1,39,2019,0.029469541114848237
2019-08-31,1,39,2019,-0.006353940666622091
2019-09-30,1,39,2019,-0.002582486338091498
2019-10-31,1,39,2019,0.019807988678349975
2019-11-30,1,39,2019,-0.029023913852578985
2019-12-31,1,39,2019,0.007348006631988737
2020-01-31,1,40,2020,0.009803798820260636
2020-02-29,1,40,2020,-0.034870058335295516
2020-03-31,1,40,2020,-0.0563917471877935
2020-04-30,1,40,2020,0.08056050596608019
2020-05-31,1,40,2020,0.005329306107589259
2020-06-30,1,40,2020,0.03843970042062936
2020-07-31,1,40,2020,-0.02890539613453791
2020-08-31,1,40,2020,0.07205373230184378
2020-09-30,1,40,2020,0.034354642268331986
2020-10-31,1,40,2020,0.036774841078469254
2020-11-30,1,40,2020,0.012301174476478403
2020-12-31,1,40,2020,0.014198231499189636
2021-01-31,1,41,2021,0.01560634338746959
2021-02-28,1,41,2021,0.0008615058925448022
2021-03-31,1,41,2021,0.07030170004860589
2021-04-30,1,41,2021,0.08236285645478253
2021-05-31,1,41,2021,0.03264736825255245
2021-06-30,1,41,2021,0.002626652746125558
2021-07-31,1,41,2021,0.07732520983694956
2021-08-31,1,41,2021,0.007430602100991962
2021-09-30,1,41,2021,-0.0018457840176410055
2021-10-31,1,41,2021,0.0664843362776759
2021-11-30,1,41,2021,0.0593790478618943
2021-12-31,1,41,2021,0.09129107465385247
2022-01-31,1,42,2022,0.0012753801083543745
2022-02-28,1,42,2022,0.012001621465994976
2022-03-31,1,42,2022,0.0735517855641964
2022-04-30,1,42,2022,-0.005452741512964726
2022-05-31,1,42,2022,0.017386769650117716
2022-06-30,1,42,2022,-0.06949072895787371
2022-07-31,1,42,2022,0.03612168371902656
2022-08-31,1,42,2022,-0.00905487048878311
2022-09-30,1,42,2022,-0.04863959191646718
2022-10-31,1,42,2022,0.02032603461852373
2022-11-30,1,42,2022,0.03974670494561086
2022-12-31,1,42,2022,0.022729940072039125
2023-01-31,1,43,2023,0.07896087827616646
2023-02-28,1,43,2023,0.01418916625175769
2023-03-31,1,43,2023,-0.011710272708029455
2023-04-30,1,43,2023,0.04721010282381754
2023-05-31,1,43,2023,0.006856346822298897
2023-06-30,1,43,2023,0.03638992744825405
2023-07-31,1,43,2023,-0.06387732881455219
2023-08-31,1,43,2023,0.0007230325983292102
2023-09-30,1,43,2023,-0.012242825855512606
2023-10-31,1,43,2023,0.021123700122896612
2023-11-30,1,43,2023,0.08447149578948109
2023-12-31,1,43,2023,-0.004892419470082136
2024-01-31,1,44,2024,-0.013082519077523069
2024-02-29,1,44,2024,0.027527936238318534
2024-03-31,1,44,2024,0.04589653910359645
2024-04-30,1,44,2024,0.004192032375328855
2024-05-31,1,44,2024,0.08787062512183953
2024-06-30,1,44,2024,0.033755738971733715
2024-07-31,1,44,2024,0.02060090745746892
2024-08-31,1,44,2024,0.06457156637597145
2024-09-30,1,44,2024,-0.00345275088537277
2024-10-31,1,44,2024,-0.03370401993451648
2024-11-30,1,44,2024,0.05845322446412111
2024-12-31,1,44,2024,0.08098805671334085
1981-01-31,2,1,1981,-0.004214129012481542
1981-02-28,2,1,1981,0.012995140918568517
1981-03-31,2,1,1981,0.028624640191660347
1981-04-30,2,1,1981,-0.001082073315534945
1981-05-31,2,1,1981,0.006439275054500478
1981-06-30,2,1,1981,0.016439744849571065
1981-07-31,2,1,1981,0.04595478128898672
1981-08-31,2,1,1981,0.007215755226486714
1981-09-30,2,1,1981,-0.010279106698941035
1981-10-31,2,1,1981,0.005712507600576257
1981-11-30,2,1,1981,-0.011807714524092818
1981-12-31,2,1,1981,0.0004749110138603575
1982-01-31,2,2,1982,0.0025929139920552054
1982-02-28,2,2,1982,-0.0055797262026813675
1982-03-31,2,2,1982,0.01638375335686007
1982-04-30,2,2,1982,0.027702154546277988
1982-05-31,2,2,1982,-0.0003101351274522497
1982-06-30,2,2,1982,0.018422035172609687
1982-07-31,2,2,1982,0.02008820338462245
1982-08-31,2,2,1982,0.009205116792909251
1982-09-30,2,2,1982,0.04722395498741125
1982-10-31,2,2,1982,0.07024621782685495
1982-11-30,2,2,1982,0.013877328830304419
1982-12-31,2,2,1982,-0.005064417299788526
1983-01-31,2,3,1983,-0.014274194916543094
1983-02-28,2,3,1983,0.052704016048100745
1983-03-31,2,3,1983,-0.014356635474591855
1983-04-30,2,3,1983,0.03965071657854641
1983-05-31,2,3,1983,-0.004760690124695474
1983-06-30,2,3,1983,0.011152811974997316
1983-07-31,2,3,1983,0.039067142802548145
1983-08-31,2,3,1983,0.035720929651550826
1983-09-30,2,3,1983,0.03844487594561978
1983-10-31,2,3,1983,0.027419476514439673
1983-11-30,2,3,1983,-0.007514960105744544
1983-12-31,2,3,1983,0.049852865583729436
1984-01-31,2,4,1984,0.0063442369351015306
1984-02-29,2,4,1984,-0.005507720671344261
1984-03-31,2,4,1984,0.02751827370097248
1984-04-30,2,4,1984,0.029792920780481392
1984-05-31,2,4,1984,0.02586660430686822
1984-06-30,2,4,1984,0.0012221255596249164
1984-07-31,2,4,1984,0.036448936866060676
1984-08-31,2,4,1984,0.03434267756366738
1984-09-30,2,4,1984,0.009533864402085729
1984-10-31,2,4,1984,0.010548183348441063
1984-11-30,2,4,1984,0.024582554010644568
1984-12-31,2,4,1984,0.048374436231233824
1985-01-31,2,5,1985,-0.0316179039916238
1985-02-28,2,5,1985,0.03555283381339757
1985-03-31,2,5,1985,0.04349745723984367
1985-04-30,2,5,1985,0.008158076937938215
1985-05-31,2,5,1985,0.03661608594126913
1985-06-30,2,5,1985,0.012839149202837673
1985-07-31,2,5,1985,0.004013077973107169
1985-08-31,2,5,1985,0.0003098084891795098
1985-09-30,2,5,1985,0.007705465778833935
1985-10-31,2,5,1985,0.0073645125706312976
1985-11-30,2,5,1985,0.030907619751356273
1985-12-31,2,5,1985,0.0005095484443242722
1986-01-31,2,6,1986,-0.008461913936802332
1986-02-28,2,6,1986,0.025165113561295988
1986-03-31,2,6,1986,0.035365919119509696
1986-04-30,2,6,1986,0.009532870724491278
1986-05-31,2,6,1986,0.026609651005604053
1986-06-30,2,6,1986,0.03419011673522896
1986-07-31,2,6,1986,-0.0019391758033503945
1986-08-31,2,6,1986,0.038880228129531465
1986-09-30,2,6,1986,-0.023748817091718815
1986-10-31,2,6,1986,0.002998845596645182
1986-11-30,2,6,1986,0.01864477439713267
1986-12-31,2,6,1986,0.04497179138647112
1987-01-31,2,7,1987,0.05511430680804277
1987-02-28,2,7,1987,0.027218903194347152
1987-03-31,2,7,1987,0.02605635069636212
1987-04-30,2,7,1987,0.024165312138078935
1987-05-31,2,7,1987,0.011217245843845376
1987-06-30,2,7,1987,0.012353917351093691
1987-07-31,2,7,1987,0.0644178447842094
1987-08-31,2,7,1987,0.05228967609362147
1987-09-30,2,7,1987,0.01632307759575757
1987-10-31,2,7,1987,-0.0029189782308899313
1987-11-30,2,7,1987,0.018021230238918468
1987-12-31,2,7,1987,0.04480091896230965
1988-01-31,2,8,1988,-0.02348647427991076
1988-02-29,2,8,1988,0.017488580123953636
1988-03-31,2,8,1988,-0.007502992871967578
1988-04-30,2,8,1988,0.043616375044280224
1988-05-31,2,8,1988,0.027401969687470502
1988-06-30,2,8,1988,0.048958279972278765
1988-07-31,2,8,1988,0.01189771432438162
1988-08-31,2,8,1988,0.01541583654703589
1988-09-30,2,8,1988,0.026099836466645435
1988-10-31,2,8,1988,0.02277003584431862
1988-11-30,2,8,1988,0.01882026161077179
1988-12-31,2,8,1988,0.022383490779619396
1989-01-31,2,9,1989,0.04767340694461212
1989-02-28,2,9,1989,0.017461453105159706
1989-03-31,2,9,1989,0.027708419387131054
1989-04-30,2,9,1989,0.03599774099116006
1989-05-31,2,9,1989,0.0372863020164026
1989-06-30,2,9,1989,0.02736940543944507
1989-07-31,2,9,1989,0.016903404126699103
1989-08-31,2,9,1989,0.003811102186148057
1989-09-30,2,9,1989,0.029610815313993077
1989-10-31,2,9,1989,-0.001942113130478965
1989-11-30,2,9,1989,-0.009200396085141128
1989-12-31,2,9,1989,0.021779949118633048
1990-01-31,2,10,1990,0.038728581008147335
1990-02-28,2,10,1990,0.07323858882918376
1990-03-31,2,10,1990,0.005970044535668679
1990-04-30,2,10,1990,0.014324040703540868
1990-05-31,2,10,1990,0.03421246161255869
1990-06-30,2,10,1990,0.016002903188048034
1990-07-31,2,10,1990,0.02350000466294939
1990-08-31,2,10,1990,0.02772290757030656
1990-09-30,2,10,1990,0.03726075885281686
1990-10-31,2,10,1990,0.02747734959459445
1990-11-30,2,10,1990,0.08503770566741028
1990-12-31,2,10,1990,0.05030796027295669
1991-01-31,2,11,1991,0.021479738440906004
1991-02-28,2,11,1991,0.04389143426261437
1991-03-31,2,11,1991,0.0552960441638866
1991-04-30,2,11,1991,0.05439438661379263
1991-05-31,2,11,1991,0.05363782132900211
1991-06-30,2,11,1991,0.01818937737573667
1991-07-31,2,11,1991,0.04072409918933702
1991-08-31,2,11,1991,0.04030107715029322
1991-09-30,2,11,1991,0.00889053627792576
1991-10-31,2,11,1991,0.037893677651278414
1991-11-30,2,11,1991,-0.012937462974415807
1991-12-31,2,11,1991,0.03893113790944686
1992-01-31,2,12,1992,0.019478180309583988
1992-02-29,2,12,1992,0.09509973760209929
1992-03-31,2,12,1992,0.05567493197892201
1992-04-30,2,12,1992,0.05934777865252209
1992-05-31,2,12,1992,0.0448918331736737
1992-06-30,2,12,1992,0.05405777633866997
1992-07-31,2,12,1992,0.03973553519395277
1992-08-31,2,12,1992,0.026663714700035042
1992-09-30,2,12,1992,0.024738209834423836
1992-10-31,2,12,1992,0.061338851282122894
1992-11-30,2,12,1992,0.020250120260421764
1992-12-31,2,12,1992,0.030092822521925005
1995-01-31,2,15,1995,0.014899995570970099
1995-02-28,2,15,1995,0.04175510666254977
1995-03-31,2,15,1995,0.044219328088096053
1995-04-30,2,15,1995,0.027731223165436948
1995-05-31,2,15,1995,0.018336063322789357
1995-06-30,2,15,1995,0.029600578913376377
1995-07-31,2,15,1995,0.026107311473088934
1995-08-31,2,15,1995,-0.015236458250860636
1995-09-30,2,15,1995,0.029129645227271846
1995-10-31,2,15,1995,0.02342565457807182
1995-11-30,2,15,1995,0.013657900705281627
1995-12-31,2,15,1995,0.010278224675813194
1996-01-31,2,16,1996,0.0204695518604345
1996-02-29,2,16,1996,0.04328083168078496
1996-03-31,2,16,1996,0.03377123776908897
1996-04-30,2,16,1996,0.04505753043213097
1996-05-31,2,16,1996,0.05463254592805708
1996-06-30,2,16,1996,0.0604233186945122
1996-07-31,2,16,1996,0.035551745939084764
1996-08-31,2,16,1996,0.02960612315709909
1996-09-30,2,16,1996,0.03914207124084394
1996-10-31,2,16,1996,0.03486724939531902
1996-11-30,2,16,1996,0.03656252995781281
1996-12-31,2,16,1996,0.020813494896754978
1997-01-31,2,17,1997,0.04873627679574856
1997-02-28,2,17,1997,0.03750158929313695
1997-03-31,2,17,1997,0.05157964243393769
1997-04-30,2,17,1997,0.06931581670286366
1997-05-31,2,17,1997,0.027525363910268417
1997-06-30,2,17,1997,0.033883786059919166
1997-07-31,2,17,1997,0.04671002438183265
1997-08-31,2,17,1997,0.011379006539005488
1997-09-30,2,17,1997,-0.023622500699918003
1997-10-31,2,17,1997,0.04725134697828533
1997-11-30,2,17,1997,0.0778146592168597
1997-12-31,2,17,1997,0.022655848938977246
1998-01-31,2,18,1998,0.06071317210581493
1998-02-28,2,18,1998,0.04839582193262415
1998-03-31,2,18,1998,0.022400519070364125
1998-04-30,2,18,1998,0.023735091620227848
1998-05-31,2,18,1998,0.024122468692617634
1998-06-30,2,18,1998,0.06732803149007911
1998-07-31,2,18,1998,0.048612168566508296
1998-08-31,2,18,1998,0.008338633893648136
1998-09-30,2,18,1998,0.06815650302051368
1998-10-31,2,18,1998,0.043550436987544926
1998-11-30,2,18,1998,0.042349056491341894
1998-12-31,2,18,1998,0.05562678100217394
1999-01-31,2,19,1999,0.04260712621320717
1999-02-28,2,19,1999,0.026715935950034898
1999-03-31,2,19,1999,0.03373855899738015
1999-04-30,2,19,1999,0.04043492410925223
1999-05-31,2,19,1999,0.07890012404575923
1999-06-30,2,19,1999,0.07396689553013011
1999-07-31,2,19,1999,0.03916632186966819
1999-08-31,2,19,1999,0.011599327877532602
1999-09-30,2,19,1999,0.020039348009992377
1999-10-31,2,19,1999,0.04812202804675267
1999-11-30,2,19,1999,-0.0221415652505845
1999-12-31,2,19,1999,-0.15002782546884286
2000-01-31,2,20,2000,0.032428906656839736
2000-02-29,2,20,2000,0.08617083651480056
2000-03-31,2,20,2000,0.07441998092940653
2000-04-30,2,20,2000,0.059839076128632755
2000-05-31,2,20,2000,0.06323031223585948
2000-06-30,2,20,2000,0.04733028415041896
2000-07-31,2,20,2000,0.005988759315883378
2000-08-31,2,20,2000,0.05745525679333656
2000-09-30,2,20,2000,0.02856012164710169
2000-10-31,2,20,2000,0.026895357540554297
2000-11-30,2,20,2000,0.014664106839223569
2000-12-31,2,20,2000,0.07652202730003664
2001-01-31,2,21,2001,0.03910035765335141
2001-02-28,2,21,2001,0.06335282056827096
2001-03-31,2,21,2001,0.05236305763527847
2001-04-30,2,21,2001,0.06397567486028372
2001-05-31,2,21,2001,0.04999304875162629
2001-06-30,2,21,2001,0.0589322937974338
2001-07-31,2,21,2001,0.03439798152390867
2001-08-31,2,21,2001,0.0720885639217678
2001-09-30,2,21,2001,0.05948695604301637
2001-10-31,2,21,2001,0.014501540869895147
2001-11-30,2,21,2001,-0.03691018920769039
2001-12-31,2,21,2001,-0.030533980195547133
2002-01-31,2,22,2002,0.11020861903633472
2002-02-28,2,22,2002,0.04289333348918315
2002-03-31,2,22,2002,0.035985916311444516
2002-04-30,2,22,2002,0.0766217166348804
2002-05-31,2,22,2002,0.033026608662294295
2002-06-30,2,22,2002,0.026890413132422367
2002-07-31,2,22,2002,0.018620545158853464
2002-08-31,2,22,2002,0.04787712846133843
2002-09-30,2,22,2002,0.03438324955689127
2002-10-31,2,22,2002,0.006667748344224534
2002-11-30,2,22,2002,-0.016023790830651443
2002-12-31,2,22,2002,0.047144155391705654
2003-01-31,2,23,2003,0.05509312043170561
2003-02-28,2,23,2003,0.017303215272846267
2003-03-31,2,23,2003,0.031722192439632625
2003-04-30,2,23,2003,0.014964519685717548
2003-05-31,2,23,2003,0.011839821426935185
2003-06-30,2,23,2003,0.040364897402419664
2003-07-31,2,23,2003,-0.010761598005439478
2003-08-31,2,23,2003,0.03657177263106405
2003-09-30,2,23,2003,-0.0025738651824607946
2003-10-31,2,23,2003,0.01570168221471748
2003-11-30,2,23,2003,0.04535128344537903
2003-12-31,2,23,2003,0.002821328762243016
2004-01-31,2,24,2004,0.014640274277874893
2004-02-29,2,24,2004,0.01766728694421649
2004-03-31,2,24,2004,0.013709205733340826
2004-04-30,2,24,2004,0.025939640338816954
2004-05-31,2,24,2004,0.01922600052465858
2004-06-30,2,24,2004,0.03251646624708502
2004-07-31,2,24,2004,0.01839654727464244
2004-08-31,2,24,2004,-0.004044641625329883
2004-09-30,2,24,2004,0.02495132778370716
2004-10-31,2,24,2004,0.01624168655186516
2004-11-30,2,24,2004,0.0904618409495281
2004-12-31,2,24,2004,-0.005268969809265115
2005-01-31,2,25,2005,-0.0010020773877886637
2005-02-28,2,25,2005,0.05232254497963412
2005-03-31,2,25,2005,0.11991162673296445
2005-04-30,2,25,2005,-0.06880918274440777
2005-05-31,2,25,2005,-0.01123143102003167
2005-06-30,2,25,2005,0.08460473934227025
2005-07-31,2,25,2005,0.05199701601882871
2005-08-31,2,25,2005,0.0012735464187409197
2005-09-30,2,25,2005,0.03436672710643127
2005-10-31,2,25,2005,-0.10112968182804345
2005-11-30,2,25,2005,0.0841073460705594
2005-12-31,2,25,2005,0.045003944164028135
2006-01-31,2,26,2006,0.10258326943583135
2006-02-28,2,26,2006,-0.059223724635838845
2006-03-31,2,26,2006,0.044136776077840535
2006-04-30,2,26,2006,0.1520543127189072
2006-05-31,2,26,2006,-0.012576025391500744
2006-06-30,2,26,2006,0.019217016537102123
2006-07-31,2,26,2006,0.03662261314496065
2006-08-31,2,26,2006,-0.027674441755212973
2006-09-30,2,26,2006,0.08482286959263137
2006-10-31,2,26,2006,0.03620882702484484
2006-11-30,2,26,2006,0.07586073939040587
2006-12-31,2,26,2006,0.058572385287319534
2007-01-31,2,27,2007,0.03293061177686214
2007-02-28,2,27,2007,0.016497290769480862
2007-03-31,2,27,2007,-0.019992215452349565
2007-04-30,2,27,2007,-0.013415756081769438
2007-05-31,2,27,2007,0.03670136737731075
2007-06-30,2,27,2007,0.056073858564216025
2007-07-31,2,27,2007,0.0343992072770445
2007-08-31,2,27,2007,0.00682581488612818
2007-09-30,2,27,2007,0.010100647841287396
2007-10-31,2,27,2007,0.022222857455936867
2007-11-30,2,27,2007,-0.022608508100569642
2007-12-31,2,27,2007,0.008044472058559168
2008-01-31,2,28,2008,0.01167017585781689
2008-02-29,2,28,2008,0.06990451253470482
2008-03-31,2,28,2008,0.04195784706993288
2008-04-30,2,28,2008,0.0022714790310784756
2008-05-31,2,28,2008,0.057375056630877
2008-06-30,2,28,2008,0.009979201468850936
2008-07-31,2,28,2008,-5.951590078604645e-05
2008-08-31,2,28,2008,0.04040413248452714
2008-09-30,2,28,2008,-0.04593123965298053
2008-10-31,2,28,2008,0.00012754484438112258
2008-11-30,2,28,2008,0.006063485430286609
2008-12-31,2,28,2008,0.06886591127911258
2009-01-31,2,29,2009,0.018787523757980266
2009-02-28,2,29,2009,0.059140814702905366
2009-03-31,2,29,2009,0.04919088486657843
2009-04-30,2,29,2009,-0.010480869169995362
2009-05-31,2,29,2009,0.0587173195350605
2009-06-30,2,29,2009,0.07007929662471267
2009-07-31,2,29,2009,-0.07215242519872124
2009-08-31,2,29,2009,0.07187238835178356
2009-09-30,2,29,2009,-0.022319932652871355
2009-10-31,2,29,2009,0.019581132191271416
2009-11-30,2,29,2009,0.05887852565794456
2009-12-31,2,29,2009,0.02853025104380257
2010-01-31,2,30,2010,0.05535764626868159
2010-02-28,2,30,2010,0.024080236721990583
2010-03-31,2,30,2010,0.03328557940986549
2010-04-30,2,30,2010,-0.007795833972749611
2010-05-31,2,30,2010,0.007012342105276267
2010-06-30,2,30,2010,0.04437330454467928
2010-07-31,2,30,2010,0.03502630973715063
2010-08-31,2,30,2010,0.032076075522739084
2010-09-30,2,30,2010,0.04985301382093406
2010-10-31,2,30,2010,0.032393071453387746
2010-11-30,2,30,2010,0.0059401357471985
2010-12-31,2,30,2010,-0.008158075330752194
2011-01-31,2,31,2011,0.07848316160741964
2011-02-28,2,31,2011,0.05747812010757762
2011-03-31,2,31,2011,0.01783398575851046
2011-04-30,2,31,2011,0.018228926433051365
2011-05-31,2,31,2011,0.023219430760380966
2011-06-30,2,31,2011,0.045285971315910736
2011-07-31,2,31,2011,0.03479608192062497
2011-08-31,2,31,2011,0.021087654735091204
2011-09-30,2,31,2011,0.012213142142839646
2011-10-31,2,31,2011,-0.008490455289563839
2011-11-30,2,31,2011,0.010865881112376912
2011-12-31,2,31,2011,-0.007257788376855822
2012-01-31,2,32,2012,0.05348948923756992
2012-02-29,2,32,2012,0.007864063125943375
2012-03-31,2,32,2012,0.0206639879987962
2012-04-30,2,32,2012,0.01929745816283883
2012-05-31,2,32,2012,-0.009512517171416227
2012-06-30,2,32,2012,-0.03820114463735778
2012-07-31,2,32,2012,0.006101061106562652
2012-08-31,2,32,2012,-0.0236104394818698
2012-09-30,2,32,2012,-0.0052128630666760075
2012-10-31,2,32,2012,0.021244098908757544
2012-11-30,2,32,2012,0.004452237354379697
2012-12-31,2,32,2012,0.00014062990915985913
2014-01-31,2,34,2014,-0.02142428676673393
2014-02-28,2,34,2014,0.025165019435222556
2014-03-31,2,34,2014,0.05468357545541763
2014-04-30,2,34,2014,0.024537909610523184
2014-05-31,2,34,2014,0.04071266015850183
2014-06-30,2,34,2014,0.002029001113855893
2014-07-31,2,34,2014,0.03106995729380409
2014-08-31,2,34,2014,0.019000607499987974
2014-09-30,2,34,2014,0.03484734404003974
2014-10-31,2,34,2014,0.05885753634319013
2014-11-30,2,34,2014,0.01884428790443755
2014-12-31,2,34,2014,0.00239036297651516
2015-01-31,2,35,2015,0.01737555557073101
2015-02-28,2,35,2015,-0.006521881668946093
2015-03-31,2,35,2015,0.01636194966968068
2015-04-30,2,35,2015,0.00948351080577824
2015-05-31,2,35,2015,0.015269644233776735
2015-06-30,2,35,2015,-0.0017612103125664237
2015-07-31,2,35,2015,0.018697421208022747
2015-08-31,2,35,2015,0.011344026876819778
2015-09-30,2,35,2015,0.07790346938886972
2015-10-31,2,35,2015,0.020160728734647936
2015-11-30,2,35,2015,0.021792254541417738
2015-12-31,2,35,2015,-0.0041108316252677765
2017-01-31,2,37,2017,0.02076112334166326
2017-02-28,2,37,2017,-0.01032815019172839
2017-03-31,2,37,2017,-0.033370017753836106
2017-04-30,2,37,2017,0.010355062089467433
2017-05-31,2,37,2017,-0.008453437682522692
2017-06-30,2,37,2017,-0.03352535009665839
2017-07-31,2,37,2017,0.02349745728324097
2017-08-31,2,37,2017,-0.014923091618241617
2017-09-30,2,37,2017,-0.031840488874024846
2017-10-31,2,37,2017,0.00492891576415117
2017-11-30,2,37,2017,0.013917545659436661
2017-12-31,2,37,2017,-0.00891798945515601
2018-01-31,2,38,2018,0.03850489110101162
2018-02-28,2,38,2018,-0.031576429492592054
2018-03-31,2,38,2018,0.01548563447738674
2018-04-30,2,38,2018,-0.016432116430334417
2018-05-31,2,38,2018,-0.015561149607876017
2018-06-30,2,38,2018,0.025135654565110018
2018-07-31,2,38,2018,-0.002366286254583222
2018-08-31,2,38,2018,0.029698616373184435
2018-09-30,2,38,2018,-0.03466921967117457
2018-10-31,2,38,2018,0.003525222359802353
2018-11-30,2,38,2018,-0.020404250072382075
2018-12-31,2,38,2018,-0.02296367779085219
2019-01-31,2,39,2019,0.12949991760812252
2019-02-28,2,39,2019,0.01888285868735669
2019-03-31,2,39,2019,0.0429776211772569
2019-04-30,2,39,2019,0.011547456050671081
2019-05-31,2,39,2019,-0.004541502217879188
2019-06-30,2,39,2019,0.006015733891635089
2019-07-31,2,39,2019,-0.008467718046073394
2019-08-31,2,39,2019,-0.020209776022015805
2019-09-30,2,39,2019,0.013893780893447944
2019-10-31,2,39,2019,0.020049833935129456
2019-11-30,2,39,2019,-0.037696386061550125
2019-12-31,2,39,2019,-0.09659919693605348
2021-01-31,2,41,2021,0.06608398959940995
2021-02-28,2,41,2021,0.026447266711935914
2021-03-31,2,41,2021,0.10485069264828589
2021-04-30,2,41,2021,0.07280121943640984
2021-05-31,2,41,2021,0.02753854859638135
2021-06-30,2,41,2021,0.06187995594231119
2021-07-31,2,41,2021,0.04952350288295118
2021-08-31,2,41,2021,-0.017316647227050688
2021-09-30,2,41,2021,0.02484009522592965
2021-10-31,2,41,2021,0.059026616714997336
2021-11-30,2,41,2021,0.03679868231273818
2021-12-31,2,41,2021,0.06992455612038363
2023-01-31,2,43,2023,0.05048818524548243
2023-02-28,2,43,2023,0.033662536599936704
2023-03-31,2,43,2023,-0.023052295157630243
2023-04-30,2,43,2023,-0.013675795378212792
2023-05-31,2,43,2023,0.03214187135452812
2023-06-30,2,43,2023,0.07333257732716558
2023-07-31,2,43,2023,-0.01760975444720101
2023-08-31,2,43,2023,-0.04994060320329902
2023-09-30,2,43,2023,-0.059334585755856956
2023-10-31,2,43,2023,-0.032474951769612334
2023-11-30,2,43,2023,0.10097210367764173
2023-12-31,2,43,2023,0.0422524544415821
2024-01-31,2,44,2024,0.010118119718106151
2024-02-29,2,44,2024,0.02017354763648454
2024-03-31,2,44,2024,0.031789642763035565
2024-04-30,2,44,2024,-0.010420358312143056
2024-05-31,2,44,2024,0.019413000449415758
2024-06-30,2,44,2024,0.06329879940095183
2024-07-31,2,44,2024,0.05966108827433568
2024-08-31,2,44,2024,0.04854009490059636
2024-09-30,2,44,2024,0.0354086356014991
2024-10-31,2,44,2024,-0.024162192942981123
2024-11-30,2,44,2024,0.049219976288596395
2024-12-31,2,44,2024,0.015248428477192332
1981-01-31,3,1,1981,-0.0019175410414827725
1981-02-28,3,1,1981,0.024181067605068968
1981-03-31,3,1,1981,0.02515768251496999
1981-04-30,3,1,1981,0.04077647406865867
1981-05-31,3,1,1981,0.027148779638359013
1981-06-30,3,1,1981,0.011821290283970592
1981-07-31,3,1,1981,0.019625898366835214
1981-08-31,3,1,1981,0.025655153624670544
1981-09-30,3,1,1981,-0.005730924870079324
1981-10-31,3,1,1981,0.007161549595556982
1981-11-30,3,1,1981,0.038316842487984434
1981-12-31,3,1,1981,0.0041217269112645595
1982-01-31,3,2,1982,0.016800834655793268
1982-02-28,3,2,1982,0.011492751832707322
1982-03-31,3,2,1982,0.03158875498706106
1982-04-30,3,2,1982,0.03149778463820755
1982-05-31,3,2,1982,0.010152780131808006
1982-06-30,3,2,1982,0.016287059761755623
1982-07-31,3,2,1982,-0.0038624208873304635
1982-08-31,3,2,1982,0.01278812340460337
1982-09-30,3,2,1982,0.06781593763988143
1982-10-31,3,2,1982,0.05717962264001998
1982-11-30,3,2,1982,0.028106526592959268
1982-12-31,3,2,1982,0.021413613803389343
1983-01-31,3,3,1983,0.018715019289059116
1983-02-28,3,3,1983,0.03119184351206191
1983-03-31,3,3,1983,0.028758111807840086
1983-04-30,3,3,1983,0.024922605026533214
1983-05-31,3,3,1983,-0.004822744595431645
1983-06-30,3,3,1983,0.02873497890843497
1983-07-31,3,3,1983,0.015966152685353584
1983-08-31,3,3,1983,0.03521522471893302
1983-09-30,3,3,1983,0.02352193045960587
1983-10-31,3,3,1983,0.013705484622160334
1983-11-30,3,3,1983,0.007235952316162004
1983-12-31,3,3,1983,0.010137099770861864
1984-01-31,3,4,1984,-0.0022312872098682896
1984-02-29,3,4,1984,0.02252440806405768
1984-03-31,3,4,1984,-0.01169398262583247
1984-04-30,3,4,1984,0.03711206363823704
1984-05-31,3,4,1984,0.03327542236677776
1984-06-30,3,4,1984,0.01395760487023743
1984-07-31,3,4,1984,0.018065975938960952
1984-08-31,3,4,1984,0.05364624805148388
1984-09-30,3,4,1984,-3.4391635532727237e-06
1984-10-31,3,4,1984,0.0210727835870027
1984-11-30,3,4,1984,0.039985509411953925
1984-12-31,3,4,1984,0.021385016686543776
1985-01-31,3,5,1985,-0.019390290205381293
1985-02-28,3,5,1985,0.029404798552976757
1985-03-31,3,5,1985,0.020178189938864062
1985-04-30,3,5,1985,0.01830206566114027
1985-05-31,3,5,1985,0.03636268296875038
1985-06-30,3,5,1985,0.007674937282141636
1985-07-31,3,5,1985,0.005056953848503507
1985-08-31,3,5,1985,0.01087908052772597
1985-09-30,3,5,1985,0.009069896869136816
1985-10-31,3,5,1985,0.010622796244647282
1985-11-30,3,5,1985,0.03131531950535616
1985-12-31,3,5,1985,0.0221996025466647
1986-01-31,3,6,1986,0.005000409104890819
1986-02-28,3,6,1986,0.00918470449556681
1986-03-31,3,6,1986,0.010807154506427196
1986-04-30,3,6,1986,0.019702284269925804
1986-05-31,3,6,1986,0.030288389057679235
1986-06-30,3,6,1986,0.029595845537775542
1986-07-31,3,6,1986,0.0058790980648362745
1986-08-31,3,6,1986,0.025548892853492912
1986-09-30,3,6,1986,-0.024245588046505007
1986-10-31,3,6,1986,0.04123376945787929
1986-11-30,3,6,1986,0.028575539663138673
1986-12-31,3,6,1986,0.01089369778260713
1987-01-31,3,7,1987,0.04313756891457713
1987-02-28,3,7,1987,0.012722627919736707
1987-03-31,3,7,1987,-0.0010558250295811466
1987-04-30,3,7,1987,0.0048792534033395354
1987-05-31,3,7,1987,-0.00010542633516339674
1987-06-30,3,7,1987,0.025264444783504186
1987-07-31,3,7,1987,0.04929558510072219
1987-08-31,3,7,1987,0.04863929020614959
1987-09-30,3,7,1987,0.020574086902639104
1987-10-31,3,7,1987,-0.015967197024111854
1987-11-30,3,7,1987,0.04815690068414863
1987-12-31,3,7,1987,0.07566735595532592
1988-01-31,3,8,1988,-0.05120628616196421
1988-02-29,3,8,1988,0.02599740944168929
1988-03-31,3,8,1988,0.001809993916107911
1988-04-30,3,8,1988,0.023386638976611068
1988-05-31,3,8,1988,0.037694217199685354
1988-06-30,3,8,1988,0.02448430745506874
1988-07-31,3,8,1988,0.028445555534069147
1988-08-31,3,8,1988,0.029073889468522192
1988-09-30,3,8,1988,0.03701313829237729
1988-10-31,3,8,1988,0.031150383672413844
1988-11-30,3,8,1988,0.022255982227635127
1988-12-31,3,8,1988,0.03128916081066482
1989-01-31,3,9,1989,0.016651639201355803
1989-02-28,3,9,1989,0.020590217729522287
1989-03-31,3,9,1989,0.037689924335268535
1989-04-30,3,9,1989,0.044301517280712154
1989-05-31,3,9,1989,0.02305635650613235
1989-06-30,3,9,1989,0.010964988839901334
1989-07-31,3,9,1989,0.05058961232263225
1989-08-31,3,9,1989,0.027612749528511112
1989-09-30,3,9,1989,0.0456199156287801
1989-10-31,3,9,1989,0.03880143285993837
1989-11-30,3,9,1989,0.020526793467697115
1989-12-31,3,9,1989,0.047148833589915166
1990-01-31,3,10,1990,-0.009152860436386873
1990-02-28,3,10,1990,0.050967134010945554
1990-03-31,3,10,1990,0.0427065186488405
1990-04-30,3,10,1990,0.004431460545555461
1990-05-31,3,10,1990,0.03304163263543563
1990-06-30,3,10,1990,0.03246877513795783
1990-07-31,3,10,1990,0.02869595846109809
1990-08-31,3,10,1990,0.039542703208997505
1990-09-30,3,10,1990,0.02588576739079471
1990-10-31,3,10,1990,0.04982118257627721
1990-11-30,3,10,1990,0.05637475790758862
1990-12-31,3,10,1990,0.09801679716116685
1991-01-31,3,11,1991,-0.049509670522702984
1991-02-28,3,11,1991,0.020614001037405818
1991-03-31,3,11,1991,0.03430911327789511
1991-04-30,3,11,1991,0.036352768791198045
1991-05-31,3,11,1991,0.06143337926466687
1991-06-30,3,11,1991,0.029507950635572447
1991-07-31,3,11,1991,0.03389821543915324
1991-08-31,3,11,1991,0.026573354493979684
1991-09-30,3,11,1991,0.023718583490760538
1991-10-31,3,11,1991,0.009770690436653285
1991-11-30,3,11,1991,-0.005065662616147252
1991-12-31,3,11,1991,0.0749493979004355
1992-01-31,3,12,1992,-0.04239013156819776
1992-02-29,3,12,1992,0.03022195666452386
1992-03-31,3,12,1992,0.047676379432547565
1992-04-30,3,12,1992,0.04287432964260764
1992-05-31,3,12,1992,0.03603399810262065
1992-06-30,3,12,1992,0.02145899171279944
1992-07-31,3,12,1992,0.02891116827790655
1992-08-31,3,12,1992,0.0287416132664558
1992-09-30,3,12,1992,0.019790076089667846
1992-10-31,3,12,1992,0.03358029026024395
1992-11-30,3,12,1992,0.03354918473826961
1992-12-31,3,12,1992,0.018243090176598573
1993-01-31,3,13,1993,0.03654063166108239
1993-02-28,3,13,1993,0.05235441112702627
1993-03-31,3,13,1993,0.017797372400424016
1993-04-30,3,13,1993,0.025044589863227492
1993-05-31,3,13,1993,0.006642219103742889
1993-06-30,3,13,1993,0.05033321405455061
1993-07-31,3,13,1993,0.012029217601833429
1993-08-31,3,13,1993,0.0137194214741307
1993-09-30,3,13,1993,0.0062634632323097655
1993-10-31,3,13,1993,-0.0014822294550325714
1993-11-30,3,13,1993,0.040242222781747834
1993-12-31,3,13,1993,0.05422335140590253
1994-01-31,3,14,1994,0.02994148836925637
1994-02-28,3,14,1994,0.029273985350439544
1994-03-31,3,14,1994,0.008762629898206212
1994-04-30,3,14,1994,0.030070677197159376
1994-05-31,3,14,1994,0.032210678565899035
1994-06-30,3,14,1994,0.023532153656305156
1994-07-31,3,14,1994,0.02443056238636472
1994-08-31,3,14,1994,0.05384671043608494
1994-09-30,3,14,1994,0.03732563031476706
1994-10-31,3,14,1994,0.03773650735364968
1994-11-30,3,14,1994,0.01623404883698801
1994-12-31,3,14,1994,0.05161783473342576
1995-01-31,3,15,1995,0.0077535854769230465
1995-02-28,3,15,1995,0.02582826160169053
1995-03-31,3,15,1995,0.035483808466509136
1995-04-30,3,15,1995,0.024869887993695668
1995-05-31,3,15,1995,0.0121559523859353
1995-06-30,3,15,1995,0.01129376610014142
1995-07-31,3,15,1995,0.02615157621511107
1995-08-31,3,15,1995,0.005116064731857059
1995-09-30,3,15,1995,0.015741923569443785
1995-10-31,3,15,1995,0.033618284232932893
1995-11-30,3,15,1995,0.030965423092991745
1995-12-31,3,15,1995,0.015983599912185953
1996-01-31,3,16,1996,0.03839039851923558
1996-02-29,3,16,1996,0.05200818706196903
1996-03-31,3,16,1996,0.011215992220062521
1996-04-30,3,16,1996,0.013984435820588679
1996-05-31,3,16,1996,0.025877538561566805
1996-06-30,3,16,1996,0.06514090888033632
1996-07-31,3,16,1996,0.032244093366700935
1996-08-31,3,16,1996,0.016030569204441833
1996-09-30,3,16,1996,0.042534651463992094
1996-10-31,3,16,1996,0.047485292000201226
1996-11-30,3,16,1996,0.039233313804855494
1996-12-31,3,16,1996,0.031156821285161233
1997-01-31,3,17,1997,0.02043875476488277
1997-02-28,3,17,1997,0.026599141000877194
1997-03-31,3,17,1997,0.03787078076065902
1997-04-30,3,17,1997,0.05143885507934491
1997-05-31,3,17,1997,0.029842773638322176
1997-06-30,3,17,1997,0.04223003429722424
1997-07-31,3,17,1997,0.00656467653270114
1997-08-31,3,17,1997,-0.001173110447119837
1997-09-30,3,17,1997,-0.0073444540929359595
1997-10-31,3,17,1997,0.04834327793957791
1997-11-30,3,17,1997,0.047753907793391864
1997-12-31,3,17,1997,0.03265965309656524
1998-01-31,3,18,1998,0.01013107324086756
1998-02-28,3,18,1998,0.030637749239418543
1998-03-31,3,18,1998,0.027456831994870767
1998-04-30,3,18,1998,0.023038459324291542
1998-05-31,3,18,1998,0.021651470620417303
1998-06-30,3,18,1998,0.04705795093377736
1998-07-31,3,18,1998,0.032920945581730615
1998-08-31,3,18,1998,0.03349396750166171
1998-09-30,3,18,1998,0.03730619631558998
1998-10-31,3,18,1998,0.026093394786302345
1998-11-30,3,18,1998,-0.0007417766707144453
1998-12-31,3,18,1998,0.06350078847403
1999-01-31,3,19,1999,0.027106473677473455
1999-02-28,3,19,1999,0.042644542782482926
1999-03-31,3,19,1999,0.023892429764122793
1999-04-30,3,19,1999,0.03201386057701646
1999-05-31,3,19,1999,0.044137881634348154
1999-06-30,3,19,1999,0.05311955085629251
1999-07-31,3,19,1999,0.03026688409823517
1999-08-31,3,19,1999,0.027530839994388587
1999-09-30,3,19,1999,0.012839494098610668
1999-10-31,3,19,1999,0.05766226670010777
1999-11-30,3,19,1999,0.015605178727953554
1999-12-31,3,19,1999,-0.010316073415528162
2000-01-31,3,20,2000,0.051428261655637415
2000-02-29,3,20,2000,0.11462905479615532
2000-03-31,3,20,2000,0.06220568068787257
2000-04-30,3,20,2000,0.05000787550216557
2000-05-31,3,20,2000,0.03581440209060438
2000-06-30,3,20,2000,0.022746874182733946
2000-07-31,3,20,2000,0.011412138860497443
2000-08-31,3,20,2000,0.06684753195286604
2000-09-30,3,20,2000,0.0589228746078616
2000-10-31,3,20,2000,0.01960251840622118
2000-11-30,3,20,2000,0.011029260110475145
2000-12-31,3,20,2000,0.02928734713035947
2001-01-31,3,21,2001,-0.11791736510564056
2001-02-28,3,21,2001,0.0565849729542398
2001-03-31,3,21,2001,0.048365167750318516
2001-04-30,3,21,2001,0.019704189035943887
2001-05-31,3,21,2001,0.022237893615005597
2001-06-30,3,21,2001,0.037884358172945005
2001-07-31,3,21,2001,0.03492501286978087
2001-08-31,3,21,2001,0.003586588367907339
2001-09-30,3,21,2001,0.03639445439839797
2001-10-31,3,21,2001,-0.020000412755061977
2001-11-30,3,21,2001,-0.03392282542588325
2001-12-31,3,21,2001,-0.0002888733804627657
2002-01-31,3,22,2002,0.06016425330302751
2002-02-28,3,22,2002,-0.018217239465016348
2002-03-31,3,22,2002,0.035019720247879
2002-04-30,3,22,2002,0.0038083394692422145
2002-05-31,3,22,2002,0.0018643739949920856
2002-06-30,3,22,2002,-0.029580730289029356
2002-07-31,3,22,2002,-0.03933281844747784
2002-08-31,3,22,2002,0.05186807022327283
2002-09-30,3,22,2002,-0.018648502923684758
2002-10-31,3,22,2002,0.06360759619130728
2002-11-30,3,22,2002,0.015718049214835828
2002-12-31,3,22,2002,-0.02370163977469533
2003-01-31,3,23,2003,0.06183143914772019
2003-02-28,3,23,2003,0.01540277972422567
2003-03-31,3,23,2003,0.012454764338560211
2003-04-30,3,23,2003,0.02071323638729854
2003-05-31,3,23,2003,0.00639088282485778
2003-06-30,3,23,2003,0.046212653316765134
2003-07-31,3,23,2003,0.03573317014393099
2003-08-31,3,23,2003,0.050808163256994755
2003-09-30,3,23,2003,0.037378581045427677
2003-10-31,3,23,2003,0.055531183998288165
2003-11-30,3,23,2003,0.031785368151054275
2003-12-31,3,23,2003,0.020956150740410625
2004-01-31,3,24,2004,0.037062577160357525
2004-02-29,3,24,2004,0.025729511514343193
2004-03-31,3,24,2004,0.03672873440494813
2004-04-30,3,24,2004,0.026184260498558872
2004-05-31,3,24,2004,0.014659368650800645
2004-06-30,3,24,2004,0.015015637387046914
2004-07-31,3,24,2004,0.009681793559571964
2004-08-31,3,24,2004,0.023063522757965926
2004-09-30,3,24,2004,0.037666981630717106
2004-10-31,3,24,2004,0.029224998799851416
2004-11-30,3,24,2004,0.0844407488291312
2004-12-31,3,24,2004,0.02199106644400243
2005-01-31,3,25,2005,0.03606366648583845
2005-02-28,3,25,2005,0.038315681472907245
2005-03-31,3,25,2005,0.04725234851530563
2005-04-30,3,25,2005,0.004331163653066064
2005-05-31,3,25,2005,0.015011938162287563
2005-06-30,3,25,2005,0.021435889016241827
2005-07-31,3,25,2005,0.0022305671711586755
2005-08-31,3,25,2005,0.01176316708870015
2005-09-30,3,25,2005,0.010591864495899998
2005-10-31,3,25,2005,0.012368788355870942
2005-11-30,3,25,2005,0.041027214591911366
2005-12-31,3,25,2005,0.006752922858395701
2006-01-31,3,26,2006,0.026274975380122342
2006-02-28,3,26,2006,-0.008307193302717772
2006-03-31,3,26,2006,0.015972497900541165
2006-04-30,3,26,2006,0.034026876386937514
2006-05-31,3,26,2006,0.009228237796175862
2006-06-30,3,26,2006,0.014859493067588509
2006-07-31,3,26,2006,0.031395439776345895
2006-08-31,3,26,2006,0.013865594474770707
2006-09-30,3,26,2006,0.016460382866511972
2006-10-31,3,26,2006,0.01943359955607291
2006-11-30,3,26,2006,0.007698955875096448
2006-12-31,3,26,2006,0.007859725772083465
2007-01-31,3,27,2007,0.055071320619168196
2007-02-28,3,27,2007,0.023070713489940654
2007-03-31,3,27,2007,0.010372683533247426
2007-04-30,3,27,2007,0.013288708487445755
2007-05-31,3,27,2007,0.01536745836037887
2007-06-30,3,27,2007,0.025008766057995766
2007-07-31,3,27,2007,0.030958290475856638
2007-08-31,3,27,2007,0.0152584132322568
2007-09-30,3,27,2007,0.011868109315192334
2007-10-31,3,27,2007,0.0040627451073502185
2007-11-30,3,27,2007,-0.037289515675339786
2007-12-31,3,27,2007,-0.018409985428565416
2008-01-31,3,28,2008,-0.005678553128593146
2008-02-29,3,28,2008,0.04602582199913805
2008-03-31,3,28,2008,0.005834476060922437
2008-04-30,3,28,2008,-0.00031756169215327464
2008-05-31,3,28,2008,0.028595970342848224
2008-06-30,3,28,2008,0.008360737057250508
2008-07-31,3,28,2008,-0.03297260250558929
2008-08-31,3,28,2008,-0.00897759048656647
2008-09-30,3,28,2008,-0.058012836650157
2008-10-31,3,28,2008,0.019718309632451435
2008-11-30,3,28,2008,0.004373567855209151
2008-12-31,3,28,2008,0.053535115807968055
2009-01-31,3,29,2009,0.01111667218938752
2009-02-28,3,29,2009,-0.00016659972962775743
2009-03-31,3,29,2009,0.010958659075470169
2009-04-30,3,29,2009,-0.008943572138238707
2009-05-31,3,29,2009,-0.007942784272507542
2009-06-30,3,29,2009,0.05610153539271506
2009-07-31,3,29,2009,-0.009894996789545548
2009-08-31,3,29,2009,0.021304174181078852
2009-09-30,3,29,2009,0.0435929222005586
2009-10-31,3,29,2009,0.030855293032600536
2009-11-30,3,29,2009,0.04355368344498549
2009-12-31,3,29,2009,0.046299893722101734
2011-01-31,3,31,2011,0.08760867312073296
2011-02-28,3,31,2011,0.01809559619012194
2011-03-31,3,31,2011,0.04407608435181812
2011-04-30,3,31,2011,0.006884820092263478
2011-05-31,3,31,2011,0.016209149401120296
2011-06-30,3,31,2011,0.028719792080001756
2011-07-31,3,31,2011,0.02537381458628192
2011-08-31,3,31,2011,0.024301334737826842
2011-09-30,3,31,2011,0.0203924681005111
2011-10-31,3,31,2011,0.01810721105216837
2011-11-30,3,31,2011,0.010757169162645002
2011-12-31,3,31,2011,-0.004364679041483103
2012-01-31,3,32,2012,0.031581535693216305
2012-02-29,3,32,2012,0.006387040195455008
2012-03-31,3,32,2012,0.017143401049471377
2012-04-30,3,32,2012,0.0229780081923606
2012-05-31,3,32,2012,-0.0017116741173568127
2012-06-30,3,32,2012,-0.011994193793532785
2012-07-31,3,32,2012,0.01465395374149515
2012-08-31,3,32,2012,0.015590396732168388
2012-09-30,3,32,2012,0.0002464628545885507
2012-10-31,3,32,2012,0.049612038826205615
2012-11-30,3,32,2012,0.012860410038523623
2012-12-31,3,32,2012,0.014817697594769573
2013-01-31,3,33,2013,0.07175415731870557
2013-02-28,3,33,2013,0.031052665742106998
2013-03-31,3,33,2013,-0.018174035254744897
2013-04-30,3,33,2013,0.00803897483576582
2013-05-31,3,33,2013,0.028300617623484594
2013-06-30,3,33,2013,0.0019601213825683824
2013-07-31,3,33,2013,0.035978914032905464
2013-08-31,3,33,2013,0.0017629939683028706
2013-09-30,3,33,2013,-0.0004522853440555854
2013-10-31,3,33,2013,0.05610984818109291
2013-11-30,3,33,2013,0.02838373940719668
2013-12-31,3,33,2013,0.0020193266096397073
2014-01-31,3,34,2014,0.029832075099689614
2014-02-28,3,34,2014,0.01544056413597137
2014-03-31,3,34,2014,0.0347830781523115
2014-04-30,3,34,2014,0.023838599439648975
2014-05-31,3,34,2014,0.022134839434728056
2014-06-30,3,34,2014,-0.02952969309236593
2014-07-31,3,34,2014,0.059635218834437564
2014-08-31,3,34,2014,0.012826559307534421
2014-09-30,3,34,2014,0.038639307319939795
2014-10-31,3,34,2014,0.037672323580331325
2014-11-30,3,34,2014,0.02380708272070582
2014-12-31,3,34,2014,-0.015653049266436337
2015-01-31,3,35,2015,0.03304590119851912
2015-02-28,3,35,2015,-0.003840167818179834
2015-03-31,3,35,2015,-0.006454440074772137
2015-04-30,3,35,2015,-0.003207533901918117
2015-05-31,3,35,2015,0.017233175144479033
2015-06-30,3,35,2015,0.006599729004837192
2015-07-31,3,35,2015,0.015025582809868569
2015-08-31,3,35,2015,0.02715147240256947
2015-09-30,3,35,2015,0.01993935357075843
2015-10-31,3,35,2015,0.006918243197044379
2015-11-30,3,35,2015,-0.002206415712654929
2015-12-31,3,35,2015,0.007882245616766974
2016-01-31,3,36,2016,0.037227674825465004
2016-02-29,3,36,2016,0.008483845636870853
2016-03-31,3,36,2016,0.031042325496148482
2016-04-30,3,36,2016,-0.017412575219710374
2016-05-31,3,36,2016,0.023894682184712402
2016-06-30,3,36,2016,0.050296474678613305
2016-07-31,3,36,2016,0.06271102200610844
2016-08-31,3,36,2016,-0.01172701925845943
2016-09-30,3,36,2016,-0.0076966151715700945
2016-10-31,3,36,2016,0.0036605956477490697
2016-11-30,3,36,2016,-0.00166045834807102
2016-12-31,3,36,2016,0.01180053397937382
2017-01-31,3,37,2017,0.04437782724754819
2017-02-28,3,37,2017,0.01795807511879645
2017-03-31,3,37,2017,0.004161658027973683
2017-04-30,3,37,2017,0.03290796548152183
2017-05-31,3,37,2017,0.022843773492819436
2017-06-30,3,37,2017,-0.0044786264987962095
2017-07-31,3,37,2017,-0.00025954956093186647
2017-08-31,3,37,2017,-0.029529193881503508
2017-09-30,3,37,2017,0.015009714775062017
2017-10-31,3,37,2017,0.04380079142007774
2017-11-30,3,37,2017,0.006816634276420731
2017-12-31,3,37,2017,-0.03045848493114501
2018-01-31,3,38,2018,0.03440634024156623
2018-02-28,3,38,2018,-0.025280726704898206
2018-03-31,3,38,2018,0.011887800673735202
2018-04-30,3,38,2018,-0.023324755415932916
2018-05-31,3,38,2018,-0.015249784814774714
2018-06-30,3,38,2018,0.009385338180768798
2018-07-31,3,38,2018,0.01523751115606509
2018-08-31,3,38,2018,-0.005459540758335411
2018-09-30,3,38,2018,-0.013727426881591372
2018-10-31,3,38,2018,-0.001836564405346952
2018-11-30,3,38,2018,-0.013328736092794585
2018-12-31,3,38,2018,-0.031698980966403736
2019-01-31,3,39,2019,0.05542730436660653
2019-02-28,3,39,2019,0.032992932957516
2019-03-31,3,39,2019,0.016955580410021202
2019-04-30,3,39,2019,0.02123397257102673
2019-05-31,3,39,2019,-0.03462249112527948
2019-06-30,3,39,2019,0.008073337882800817
2019-07-31,3,39,2019,0.020666350854640046
2019-08-31,3,39,2019,0.016375534990703787
2019-09-30,3,39,2019,-0.008914439876817283
2019-10-31,3,39,2019,0.04133156124924046
2019-11-30,3,39,2019,0.012038740613212912
2019-12-31,3,39,2019,-0.008336090309829979
2020-01-31,3,40,2020,0.02892835339776126
2020-02-29,3,40,2020,0.0075961087478076325
2020-03-31,3,40,2020,-0.01952677813377328
2020-04-30,3,40,2020,-0.0015692123779029819
2020-05-31,3,40,2020,-0.05108970502991812
2020-06-30,3,40,2020,-0.0010587557120859995
2020-07-31,3,40,2020,-0.039811683323133215
2020-08-31,3,40,2020,0.04265743568454806
2020-09-30,3,40,2020,0.02191430757863997
2020-10-31,3,40,2020,0.05574120208025453
2020-11-30,3,40,2020,0.05136732623812644
2020-12-31,3,40,2020,-0.027439272928575717
2021-01-31,3,41,2021,0.011098424069669066
2021-02-28,3,41,2021,0.0014496348919039604
2021-03-31,3,41,2021,0.08093030587802895
2021-04-30,3,41,2021,0.06301681011030492
2021-05-31,3,41,2021,0.023167288700602
2021-06-30,3,41,2021,0.01883232756973597
2021-07-31,3,41,2021,0.080216593033515
2021-08-31,3,41,2021,-0.010935408822913295
2021-09-30,3,41,2021,-0.034705826981277846
2021-10-31,3,41,2021,0.08850887032338374
2021-11-30,3,41,2021,0.06480555945535595
2021-12-31,3,41,2021,0.08484051780619165
2022-01-31,3,42,2022,0.011584229848663603
2022-02-28,3,42,2022,-0.002210658585908764
2022-03-31,3,42,2022,0.04859955316342457
2022-04-30,3,42,2022,0.008369721275743846
2022-05-31,3,42,2022,-0.003950872863433511
2022-06-30,3,42,2022,-0.004478488527327164
2022-07-31,3,42,2022,0.0157492420747727
2022-08-31,3,42,2022,0.009627715484716226
2022-09-30,3,42,2022,-0.04630222054468436
2022-10-31,3,42,2022,0.02417096695020039
2022-11-30,3,42,2022,0.04032470114647216
2022-12-31,3,42,2022,0.007718926870852679
2023-01-31,3,43,2023,0.029326882062251623
2023-02-28,3,43,2023,-0.008138246767242525
2023-03-31,3,43,2023,-0.015242851012845515
2023-04-30,3,43,2023,0.018056861892461487
2023-05-31,3,43,2023,0.005273194629245809
2023-06-30,3,43,2023,0.05644874232084095
2023-07-31,3,43,2023,-0.004233499986799291
2023-08-31,3,43,2023,0.015047293981521277
2023-09-30,3,43,2023,-0.027987313705912006
2023-10-31,3,43,2023,-0.030269514510656285
2023-11-30,3,43,2023,0.10212311994221997
2023-12-31,3,43,2023,0.05862522445841007
2024-01-31,3,44,2024,0.0037074382121116524
2024-02-29,3,44,2024,0.021418831356077635
2024-03-31,3,44,2024,0.037153245315443104
2024-04-30,3,44,2024,-0.000141502107361565
2024-05-31,3,44,2024,0.07645698838796888
2024-06-30,3,44,2024,0.012216430101637282
2024-07-31,3,44,2024,0.024549006824805736
2024-08-31,3,44,2024,0.050777295818235764
2024-09-30,3,44,2024,0.011111680825439948
2024-10-31,3,44,2024,-0.023815283291101837
2024-11-30,3,44,2024,0.018639862844027796
2024-12-31,3,44,2024,-0.014992663796734699
1981-01-31,4,1,1981,-0.04151717682973097
1981-02-28,4,1,1981,-0.025825180545306574
1981-03-31,4,1,1981,0.04185761437287996
1981-04-30,4,1,1981,0.05661133183480766
1981-05-31,4,1,1981,-0.013459858484633828
1981-06-30,4,1,1981,0.0541974342498914
1981-07-31,4,1,1981,-0.02222448541317351
1981-08-31,4,1,1981,-0.00420843823552796
1981-09-30,4,1,1981,-0.03951013959145372
1981-10-31,4,1,1981,0.015439249876134806
1981-11-30,4,1,1981,0.005510638780541896
1981-12-31,4,1,1981,0.05833065067078244
1982-01-31,4,2,1982,0.03452017937906132
1982-02-28,4,2,1982,0.027581594762439005
1982-03-31,4,2,1982,0.014811542940116397
1982-04-30,4,2,1982,0.029030953402498887
1982-05-31,4,2,1982,0.0027138878400236044
1982-06-30,4,2,1982,0.02522586179012796
1982-07-31,4,2,1982,0.020433158582610276
1982-08-31,4,2,1982,0.03662004014734624
1982-09-30,4,2,1982,0.08150643216116214
1982-10-31,4,2,1982,0.05102164486900285
1982-11-30,4,2,1982,0.00612199224224898
1982-12-31,4,2,1982,0.028670216245220946
1983-01-31,4,3,1983,0.05790803622160892
1983-02-28,4,3,1983,0.0537289163759884
1983-03-31,4,3,1983,0.02320249094839897
1983-04-30,4,3,1983,0.046497203841614224
1983-05-31,4,3,1983,-0.015833418877857976
1983-06-30,4,3,1983,0.044576046449004064
1983-07-31,4,3,1983,0.03561889738754956
1983-08-31,4,3,1983,0.04730707195083659
1983-09-30,4,3,1983,0.06190810018206906
1983-10-31,4,3,1983,0.02221354284417057
1983-11-30,4,3,1983,0.020897019575838314
1983-12-31,4,3,1983,0.025380103263692128
1984-01-31,4,4,1984,-0.0071132763603470265
1984-02-29,4,4,1984,-0.008696507331286794
1984-03-31,4,4,1984,0.04388969497202278
1984-04-30,4,4,1984,0.041923561601058305
1984-05-31,4,4,1984,0.02901316427705128
1984-06-30,4,4,1984,0.029385718721651858
1984-07-31,4,4,1984,0.01592830842119043
1984-08-31,4,4,1984,0.01768707479435539
1984-09-30,4,4,1984,0.021917422483775095
1984-10-31,4,4,1984,0.01844331078526715
1984-11-30,4,4,1984,0.03545810008287587
1984-12-31,4,4,1984,0.039065625524144956
1985-01-31,4,5,1985,-0.025546735056811164
1985-02-28,4,5,1985,0.04309376701141237
1985-03-31,4,5,1985,0.053791606403528175
1985-04-30,4,5,1985,0.02392211243229054
1985-05-31,4,5,1985,0.03183811787119233
1985-06-30,4,5,1985,0.034139982282989485
1985-07-31,4,5,1985,-0.010439324523910321
1985-08-31,4,5,1985,0.01206812147368432
1985-09-30,4,5,1985,0.03239160208359056
1985-10-31,4,5,1985,0.022227107709724213
1985-11-30,4,5,1985,0.010718653817966085
1985-12-31,4,5,1985,0.034569610385573456
1986-01-31,4,6,1986,0.017413634736080767
1986-02-28,4,6,1986,0.03152453592954596
1986-03-31,4,6,1986,0.004822639707544
1986-04-30,4,6,1986,0.01625577194611548
1986-05-31,4,6,1986,-0.014484986496681652
1986-06-30,4,6,1986,0.02306969526061167
1986-07-31,4,6,1986,0.01725209629243885
1986-08-31,4,6,1986,0.02988591904312837
1986-09-30,4,6,1986,0.015756519386513023
1986-10-31,4,6,1986,0.022845288414645722
1986-11-30,4,6,1986,0.014850078788588595
1986-12-31,4,6,1986,0.023294862290724944
1987-01-31,4,7,1987,0.05592847352949439
1987-02-28,4,7,1987,0.037478094193380315
1987-03-31,4,7,1987,0.017189324832453893
1987-04-30,4,7,1987,0.03153954792313224
1987-05-31,4,7,1987,0.008943912289123446
1987-06-30,4,7,1987,0.0238359064288866
1987-07-31,4,7,1987,0.017973051688759813
1987-08-31,4,7,1987,0.06108215132177884
1987-09-30,4,7,1987,0.011404940670476362
1987-10-31,4,7,1987,-0.031274957912907936
1987-11-30,4,7,1987,0.028130822097129637
1987-12-31,4,7,1987,0.09690560323165408
1988-01-31,4,8,1988,-0.020156927124685864
1988-02-29,4,8,1988,-0.0008537040448818615
1988-03-31,4,8,1988,0.01807453725709003
1988-04-30,4,8,1988,0.026299154662435785
1988-05-31,4,8,1988,0.03859380539617469
1988-06-30,4,8,1988,0.0162332694883567
1988-07-31,4,8,1988,0.027183088810624926
1988-08-31,4,8,1988,0.028249548218143277
1988-09-30,4,8,1988,0.04430185998759824
1988-10-31,4,8,1988,0.009062557745145158
1988-11-30,4,8,1988,0.0044957714121472165
1988-12-31,4,8,1988,0.02521847933472232
1989-01-31,4,9,1989,0.059352251614023716
1989-02-28,4,9,1989,0.0028402458409661304
1989-03-31,4,9,1989,0.02738103032740395
1989-04-30,4,9,1989,0.022843800122102714
1989-05-31,4,9,1989,0.02183384175436637
1989-06-30,4,9,1989,0.047826196719387856
1989-07-31,4,9,1989,0.011285916897631133
1989-08-31,4,9,1989,-0.004900725066277574
1989-09-30,4,9,1989,0.026849679308791705
1989-10-31,4,9,1989,0.037371375229791004
1989-11-30,4,9,1989,0.036073418435770895
1989-12-31,4,9,1989,0.04532340478820478
1990-01-31,4,10,1990,0.04348563730514034
1990-02-28,4,10,1990,0.039633176834325
1990-03-31,4,10,1990,0.03363104348871827
1990-04-30,4,10,1990,0.04350195610288977
1990-05-31,4,10,1990,0.06082768878154868
1990-06-30,4,10,1990,0.03094715295703582
1990-07-31,4,10,1990,0.04560740403420563
1990-08-31,4,10,1990,0.05809064664556089
1990-09-30,4,10,1990,0.06155515609295004
1990-10-31,4,10,1990,0.02885592964409436
1990-11-30,4,10,1990,0.08413909717434555
1990-12-31,4,10,1990,0.06392171691621662
1991-01-31,4,11,1991,0.05720755065016079
1991-02-28,4,11,1991,0.021923990395080355
1991-03-31,4,11,1991,0.032431723959609624
1991-04-30,4,11,1991,0.036503025970030065
1991-05-31,4,11,1991,0.04983579957213069
1991-06-30,4,11,1991,0.025995538050793465
1991-07-31,4,11,1991,0.028754317148628288
1991-08-31,4,11,1991,0.024962748647818542
1991-09-30,4,11,1991,-0.021914471141793426
1991-10-31,4,11,1991,0.02520868203957043
1991-11-30,4,11,1991,-0.006541578753920273
1991-12-31,4,11,1991,0.05009532883830042
1992-01-31,4,12,1992,0.07010882771524236
1992-02-29,4,12,1992,0.08524346439072997
1992-03-31,4,12,1992,0.03817046189249045
1992-04-30,4,12,1992,0.06095609033369423
1992-05-31,4,12,1992,0.028356814796392852
1992-06-30,4,12,1992,0.03333853607812366
1992-07-31,4,12,1992,0.035701892923903134
1992-08-31,4,12,1992,0.023086469463192337
1992-09-30,4,12,1992,0.03790364137259121
1992-10-31,4,12,1992,0.03309478315097764
1992-11-30,4,12,1992,-0.003805449738083567
1992-12-31,4,12,1992,0.03590589879009629
1993-01-31,4,13,1993,0.10535564029301021
1993-02-28,4,13,1993,0.05867763492370398
1993-03-31,4,13,1993,0.011166612385737238
1993-04-30,4,13,1993,0.029529868965937463
1993-05-31,4,13,1993,0.0100955176133182
1993-06-30,4,13,1993,0.04108519588152766
1993-07-31,4,13,1993,0.028598926394325302
1993-08-31,4,13,1993,-0.0009247675183636326
1993-09-30,4,13,1993,0.020787448730793582
1993-10-31,4,13,1993,0.029709476302254123
1993-11-30,4,13,1993,0.052316964567789156
1993-12-31,4,13,1993,0.03375202399080419
1994-01-31,4,14,1994,0.03874051712488971
1994-02-28,4,14,1994,0.053052389310412784
1994-03-31,4,14,1994,0.03226658031616947
1994-04-30,4,14,1994,0.02564140936852343
1994-05-31,4,14,1994,0.032425723015822285
1994-06-30,4,14,1994,0.01623156602132301
1994-07-31,4,14,1994,0.011635606895593254
1994-08-31,4,14,1994,0.03084551215832786
1994-09-30,4,14,1994,0.014967515166407791
1994-10-31,4,14,1994,0.006191223564644886
1994-11-30,4,14,1994,0.012062015196421867
1994-12-31,4,14,1994,0.055609335560358776
1995-01-31,4,15,1995,0.034683772567608205
1995-02-28,4,15,1995,0.025017930271674964
1995-03-31,4,15,1995,0.04349615510525842
1995-04-30,4,15,1995,0.04776845864935608
1995-05-31,4,15,1995,0.008811142670155835
1995-06-30,4,15,1995,-0.018368523756590923
1995-07-31,4,15,1995,0.022690451266993716
1995-08-31,4,15,1995,0.00030364766780752433
1995-09-30,4,15,1995,0.018471945979426748
1995-10-31,4,15,1995,0.06566769609797182
1995-11-30,4,15,1995,0.032312965033318285
1995-12-31,4,15,1995,0.010530699495850813
1996-01-31,4,16,1996,0.051123404439107574
1996-02-29,4,16,1996,0.027625543298823656
1996-03-31,4,16,1996,0.010389561904944776
1996-04-30,4,16,1996,0.027267907568470886
1996-05-31,4,16,1996,0.03457660202205563
1996-06-30,4,16,1996,0.06749047449952333
1996-07-31,4,16,1996,0.03224194928198694
1996-08-31,4,16,1996,0.02352424099116615
1996-09-30,4,16,1996,0.04473637595760239
1996-10-31,4,16,1996,0.05516730271772226
1996-11-30,4,16,1996,0.05354697847296697
1996-12-31,4,16,1996,0.016075295723413045
1997-01-31,4,17,1997,0.023695896118005474
1997-02-28,4,17,1997,0.026940567523564635
1997-03-31,4,17,1997,0.03734427572180751
1997-04-30,4,17,1997,0.03113704594902139
1997-05-31,4,17,1997,0.03067655783567766
1997-06-30,4,17,1997,0.04439167368626182
1997-07-31,4,17,1997,0.015062327582179005
1997-08-31,4,17,1997,0.008282322752014867
1997-09-30,4,17,1997,-0.0037165133527795897
1997-10-31,4,17,1997,0.037340265672929994
1997-11-30,4,17,1997,0.04501140688656749
1997-12-31,4,17,1997,0.02546130145164381
1998-01-31,4,18,1998,0.05329661139768182
1998-02-28,4,18,1998,0.008629779810434769
1998-03-31,4,18,1998,0.023287040507780618
1998-04-30,4,18,1998,0.028195774283971135
1998-05-31,4,18,1998,0.016861392331569806
1998-06-30,4,18,1998,0.0279507369519982
1998-07-31,4,18,1998,0.02618544161409219
1998-08-31,4,18,1998,0.01754564801153378
1998-09-30,4,18,1998,0.053890229263875614
1998-10-31,4,18,1998,0.020737022125993976
1998-11-30,4,18,1998,-0.0015471980290805024
1998-12-31,4,18,1998,0.025105172581044857
1999-01-31,4,19,1999,0.06588074388459315
1999-02-28,4,19,1999,0.028682313317805668
1999-03-31,4,19,1999,0.006992787026390956
1999-04-30,4,19,1999,0.025258029924914903
1999-05-31,4,19,1999,0.04567634834051725
1999-06-30,4,19,1999,0.039392125695991015
1999-07-31,4,19,1999,0.045703392954040245
1999-08-31,4,19,1999,0.033810081455569414
1999-09-30,4,19,1999,0.028006121759383655
1999-10-31,4,19,1999,0.030271280305721952
1999-11-30,4,19,1999,0.024450600505724118
1999-12-31,4,19,1999,-0.03516409288194022
2000-01-31,4,20,2000,0.022914348581383498
2000-02-29,4,20,2000,-0.0039082411976184735
2000-03-31,4,20,2000,0.10103716238646955
2000-04-30,4,20,2000,0.08843589661060698
2000-05-31,4,20,2000,0.08006878910671623
2000-06-30,4,20,2000,-0.006524509838428817
2000-07-31,4,20,2000,0.022487255377411874
2000-08-31,4,20,2000,0.06411354999754522
2000-09-30,4,20,2000,0.03450739159078183
2000-10-31,4,20,2000,0.04605649901002269
2000-11-30,4,20,2000,-0.03342116338708594
2000-12-31,4,20,2000,0.02196981794072974
2001-01-31,4,21,2001,0.03649167259336654
2001-02-28,4,21,2001,-0.026923969139726205
2001-03-31,4,21,2001,0.024289259389372105
2001-04-30,4,21,2001,0.004748530418661358
2001-05-31,4,21,2001,0.013028415093908202
2001-06-30,4,21,2001,0.006758156681452853
2001-07-31,4,21,2001,0.02406617506314821
2001-08-31,4,21,2001,0.028405713681097247
2001-09-30,4,21,2001,0.07038730900414081
2001-10-31,4,21,2001,0.004652614542671666
2001-11-30,4,21,2001,-0.04000799909193142
2001-12-31,4,21,2001,-0.005852703977922254
2002-01-31,4,22,2002,0.06945638316246586
2002-02-28,4,22,2002,0.03521963208449666
2002-03-31,4,22,2002,0.02931981144300621
2002-04-30,4,22,2002,0.03573069657328046
2002-05-31,4,22,2002,0.023349746394594976
2002-06-30,4,22,2002,0.04013494001839869
2002-07-31,4,22,2002,0.008891853469616694
2002-08-31,4,22,2002,0.07146358472222974
2002-09-30,4,22,2002,0.042501826489562584
2002-10-31,4,22,2002,0.06600143590048477
2002-11-30,4,22,2002,0.04952661409963638
2002-12-31,4,22,2002,0.03969424043544369
2003-01-31,4,23,2003,0.0670992665827313
2003-02-28,4,23,2003,0.009576860048065006
2003-03-31,4,23,2003,0.02240381943124408
2003-04-30,4,23,2003,-0.0075389360585366855
2003-05-31,4,23,2003,-0.0026030239190438266
2003-06-30,4,23,2003,0.030422991998378234
2003-07-31,4,23,2003,0.02500366236448478
2003-08-31,4,23,2003,0.015043387344691683
2003-09-30,4,23,2003,0.0039924589373931466
2003-10-31,4,23,2003,0.031514220298144706
2003-11-30,4,23,2003,0.03324215031995396
2003-12-31,4,23,2003,0.006339139589554382
2004-01-31,4,24,2004,0.03825281201735331
2004-02-29,4,24,2004,0.0008940566758016984
2004-03-31,4,24,2004,0.024489836724323998
2004-04-30,4,24,2004,0.025943431066335634
2004-05-31,4,24,2004,0.007445085375707772
2004-06-30,4,24,2004,0.004816150612621455
2004-07-31,4,24,2004,0.028375405772097937
2004-08-31,4,24,2004,0.011100351113894267
2004-09-30,4,24,2004,0.03715944525743093
2004-10-31,4,24,2004,0.025465386146167057
2004-11-30,4,24,2004,0.09895634455436084
2004-12-31,4,24,2004,0.013835877675725751
2005-01-31,4,25,2005,0.07319139912073747
2005-02-28,4,25,2005,0.03920059539652348
2005-03-31,4,25,2005,0.16664317369555454
2005-04-30,4,25,2005,-0.049500055587833006
2005-05-31,4,25,2005,-0.051322501906748474
2005-06-30,4,25,2005,0.06246483676289306
2005-07-31,4,25,2005,-0.03230975276936058
2005-08-31,4,25,2005,0.03283690154418513
2005-09-30,4,25,2005,0.04591293822636658
2005-10-31,4,25,2005,-0.02348665111757106
2005-11-30,4,25,2005,0.09454148733492748
2005-12-31,4,25,2005,0.033841301908664835
2006-01-31,4,26,2006,0.06421733868977526
2006-02-28,4,26,2006,-0.036266569897613905
2006-03-31,4,26,2006,0.050987217753692755
2006-04-30,4,26,2006,0.15341783775276618
2006-05-31,4,26,2006,0.008537515128484304
2006-06-30,4,26,2006,0.02888347100793485
2006-07-31,4,26,2006,0.01608995524846116
2006-08-31,4,26,2006,-0.027950957724473688
2006-09-30,4,26,2006,0.07047111873559081
2006-10-31,4,26,2006,0.02325805809502948
2006-11-30,4,26,2006,0.0858165590506401
2006-12-31,4,26,2006,0.07512896546646923
2007-01-31,4,27,2007,0.1243998047130224
2007-02-28,4,27,2007,0.06617717286404291
2007-03-31,4,27,2007,-0.04381933613995484
2007-04-30,4,27,2007,-0.006343848767028114
2007-05-31,4,27,2007,0.02817544103739054
2007-06-30,4,27,2007,0.09360975312501955
2007-07-31,4,27,2007,0.05198965007786383
2007-08-31,4,27,2007,-0.08061407879371012
2007-09-30,4,27,2007,-0.008849510426136985
2007-10-31,4,27,2007,-0.0707772611899639
2007-11-30,4,27,2007,-0.157944412215443
2007-12-31,4,27,2007,-0.12516154195662024
2008-01-31,4,28,2008,0.07011963110454374
2008-02-29,4,28,2008,0.05295851550865923
2008-03-31,4,28,2008,-0.037511013022692406
2008-04-30,4,28,2008,-0.032854775764357746
2008-05-31,4,28,2008,0.08670472869576144
2008-06-30,4,28,2008,-0.15756791818045368
2008-07-31,4,28,2008,-0.1176867193005033
2008-08-31,4,28,2008,-0.01735279862068218
2008-09-30,4,28,2008,-0.23340328751275385
2008-10-31,4,28,2008,-0.22532631126241393
2008-11-30,4,28,2008,-0.22187712361003525
2008-12-31,4,28,2008,0.0057361765918876526
2009-01-31,4,29,2009,0.09513557651792362
2009-02-28,4,29,2009,0.028715471241539343
2009-03-31,4,29,2009,0.03498435841342557
2009-04-30,4,29,2009,-0.01677316775838408
2009-05-31,4,29,2009,0.010910655805266609
2009-06-30,4,29,2009,0.05453362828639231
2009-07-31,4,29,2009,-0.0368253339002745
2009-08-31,4,29,2009,0.03142241822949286
2009-09-30,4,29,2009,0.01364613362409303
2009-10-31,4,29,2009,0.028346265128407325
2009-11-30,4,29,2009,0.03874612512904653
2009-12-31,4,29,2009,0.053462888569776185
2010-01-31,4,30,2010,0.058954639837901876
2010-02-28,4,30,2010,-0.019536124182814325
2010-03-31,4,30,2010,0.020912752126096543
2010-04-30,4,30,2010,0.044541997087954525
2010-05-31,4,30,2010,0.01761542047017773
2010-06-30,4,30,2010,-0.006129451400261385
2010-07-31,4,30,2010,-0.014088816651831657
2010-08-31,4,30,2010,0.008263356941446497
2010-09-30,4,30,2010,0.014176347229650898
2010-10-31,4,30,2010,0.025805113553923946
2010-11-30,4,30,2010,0.005143381973168957
2010-12-31,4,30,2010,-0.029170973686512863
2011-01-31,4,31,2011,0.10815222093510415
2011-02-28,4,31,2011,0.06057294451654024
2011-03-31,4,31,2011,0.019104902300424977
2011-04-30,4,31,2011,-0.0002174243595762244
2011-05-31,4,31,2011,0.03365529713649045
2011-06-30,4,31,2011,0.025263530780741603
2011-07-31,4,31,2011,0.03211948727234553
2011-08-31,4,31,2011,0.0285897209409439
2011-09-30,4,31,2011,0.001583354373781853
2011-10-31,4,31,2011,-0.0026521842134531685
2011-11-30,4,31,2011,0.030477447782361545
2011-12-31,4,31,2011,-0.009449061047062019
2012-01-31,4,32,2012,0.051181069985087715
2012-02-29,4,32,2012,0.03662105513885098
2012-03-31,4,32,2012,0.0381032313722977
2012-04-30,4,32,2012,0.04821368874617971
2012-05-31,4,32,2012,-0.01634391286805151
2012-06-30,4,32,2012,-0.042807162113999174
2012-07-31,4,32,2012,0.010994000104031095
2012-08-31,4,32,2012,0.01382797820065584
2012-09-30,4,32,2012,-0.011551273402870713
2012-10-31,4,32,2012,0.04818940294448939
2012-11-30,4,32,2012,0.028362273077183787
2012-12-31,4,32,2012,0.0151330742485778
2014-01-31,4,34,2014,0.021739524839886802
2014-02-28,4,34,2014,0.013204032039116988
2014-03-31,4,34,2014,0.07555911832317028
2014-04-30,4,34,2014,0.05050431204597791
2014-05-31,4,34,2014,0.020467637590259175
2014-06-30,4,34,2014,-0.05353179058569662
2014-07-31,4,34,2014,0.05312968121189663
2014-08-31,4,34,2014,-0.02183847397469134
2014-09-30,4,34,2014,0.03911987715010645
2014-10-31,4,34,2014,0.02394120009165906
2014-11-30,4,34,2014,0.03645206196633629
2014-12-31,4,34,2014,-0.019792305814260204
2015-01-31,4,35,2015,-0.0009081950569629037
2015-02-28,4,35,2015,0.0025658881515140414
2015-03-31,4,35,2015,0.0016086135749527946
2015-04-30,4,35,2015,0.019439353332615615
2015-05-31,4,35,2015,-0.02671724295031371
2015-06-30,4,35,2015,-0.018343276402018317
2015-07-31,4,35,2015,0.02409344516617869
2015-08-31,4,35,2015,-0.009388341433915226
2015-09-30,4,35,2015,0.07431078196580672
2015-10-31,4,35,2015,0.06283860540868323
2015-11-30,4,35,2015,-0.039359240462655355
2015-12-31,4,35,2015,0.013210735597703254
2016-01-31,4,36,2016,0.0814380883253828
2016-02-29,4,36,2016,0.03213263860353477
2016-03-31,4,36,2016,0.00938444541370233
2016-04-30,4,36,2016,-0.015374236856143851
2016-05-31,4,36,2016,0.037582603237540126
2016-06-30,4,36,2016,0.0816877715380123
2016-07-31,4,36,2016,0.06861336766847811
2016-08-31,4,36,2016,0.04128782963610835
2016-09-30,4,36,2016,-0.03938388877425507
2016-10-31,4,36,2016,0.027938392470298182
2016-11-30,4,36,2016,0.035202022174138675
2016-12-31,4,36,2016,0.048115703315956916
2017-01-31,4,37,2017,0.05150179854365876
2017-02-28,4,37,2017,0.022743420369217424
2017-03-31,4,37,2017,-0.007138064899152231
2017-04-30,4,37,2017,0.01513412736912382
2017-05-31,4,37,2017,0.03689544068130911
2017-06-30,4,37,2017,-0.03597879110733198
2017-07-31,4,37,2017,0.03929918256021938
2017-08-31,4,37,2017,-0.011291839788266141
2017-09-30,4,37,2017,0.007094979238714444
2017-10-31,4,37,2017,0.04258546030464517
2017-11-30,4,37,2017,0.04598080180207295
2017-12-31,4,37,2017,0.021310257861079884
2018-01-31,4,38,2018,0.06342294370186617
2018-02-28,4,38,2018,-0.007233923620277591
2018-03-31,4,38,2018,0.021409655119482052
2018-04-30,4,38,2018,-0.002727409457397975
2018-05-31,4,38,2018,-0.009093980969914057
2018-06-30,4,38,2018,0.013467180978459064
2018-07-31,4,38,2018,0.06224642256839702
2018-08-31,4,38,2018,-0.008225211991010858
2018-09-30,4,38,2018,0.028825048520111383
2018-10-31,4,38,2018,-0.016453997265715937
2018-11-30,4,38,2018,0.01511290873872288
2018-12-31,4,38,2018,-0.06528077523199885
2022-01-31,4,42,2022,-0.014825943132431853
2022-02-28,4,42,2022,-0.009158690746284809
2022-03-31,4,42,2022,0.059529951322322916
2022-04-30,4,42,2022,-0.02759206148669709
2022-05-31,4,42,2022,0.017678195307366185
2022-06-30,4,42,2022,0.0034068054868068775
2022-07-31,4,42,2022,0.03868276457808791
2022-08-31,4,42,2022,-0.015384318906178448
2022-09-30,4,42,2022,-0.0665828977008035
2022-10-31,4,42,2022,0.048026489735615525
2022-11-30,4,42,2022,0.026677672465215505
2022-12-31,4,42,2022,-0.020743483535289577
2023-01-31,4,43,2023,0.09338099717884474
2023-02-28,4,43,2023,0.020435124113249444
2023-03-31,4,43,2023,0.019355696424419026
2023-04-30,4,43,2023,0.022264096582750238
2023-05-31,4,43,2023,0.03468848835382047
2023-06-30,4,43,2023,0.06322129969114412
2023-07-31,4,43,2023,-0.01538329213579097
2023-08-31,4,43,2023,0.008683937732774774
2023-09-30,4,43,2023,-0.06151778308035639
2023-10-31,4,43,2023,-0.039014202624336775
2023-11-30,4,43,2023,0.06401645220377405
2023-12-31,4,43,2023,0.0945013836961725
2024-01-31,4,44,2024,0.057945152765589765
2024-02-29,4,44,2024,0.025349448520445968
2024-03-31,4,44,2024,0.039806545637131104
2024-04-30,4,44,2024,-0.010688604438880051
2024-05-31,4,44,2024,0.040705057367682054
2024-06-30,4,44,2024,0.05145006842446727
2024-07-31,4,44,2024,0.07365663517554659
2024-08-31,4,44,2024,0.07233128532560346
2024-09-30,4,44,2024,0.03322683602219597
2024-10-31,4,44,2024,-0.021874335020742725
2024-11-30,4,44,2024,-0.005192212412932995
2024-12-31,4,44,2024,0.06539908107083924
1981-01-31,5,1,1981,-0.0269612317046925
1981-02-28,5,1,1981,0.023105203287592965
1981-03-31,5,1,1981,0.04940445687073869
1981-04-30,5,1,1981,0.01844587562721687
1981-05-31,5,1,1981,0.03716577030471756
1981-06-30,5,1,1981,0.018372199913133512
1981-07-31,5,1,1981,0.011375345880840708
1981-08-31,5,1,1981,0.003625605779757471
1981-09-30,5,1,1981,0.005067317473129503
1981-10-31,5,1,1981,0.04200828639045069
1981-11-30,5,1,1981,0.047792717288726604
1981-12-31,5,1,1981,0.04576288896054063
1982-01-31,5,2,1982,-0.010328278050153374
1982-02-28,5,2,1982,0.06994118656508487
1982-03-31,5,2,1982,0.036625176252644054
1982-04-30,5,2,1982,0.021511353159594387
1982-05-31,5,2,1982,-0.00725941084066401
1982-06-30,5,2,1982,0.05500048259842121
1982-07-31,5,2,1982,0.04790747024591217
1982-08-31,5,2,1982,0.027914426466201202
1982-09-30,5,2,1982,0.10988397231358399
1982-10-31,5,2,1982,0.027412814893743007
1982-11-30,5,2,1982,0.09617973909528744
1982-12-31,5,2,1982,0.043780390147586265
1983-01-31,5,3,1983,0.05755308012617338
1983-02-28,5,3,1983,0.11163251359149003
1983-03-31,5,3,1983,0.03612962041209711
1983-04-30,5,3,1983,0.04972824739842984
1983-05-31,5,3,1983,-0.018959867568168257
1983-06-30,5,3,1983,0.039307641720298214
1983-07-31,5,3,1983,0.03329747474915185
1983-08-31,5,3,1983,0.01241435317402711
1983-09-30,5,3,1983,0.036946071739156754
1983-10-31,5,3,1983,0.0280735487353913
1983-11-30,5,3,1983,0.018977015090926107
1983-12-31,5,3,1983,0.037352579090773254
1984-01-31,5,4,1984,0.02405393606769026
1984-02-29,5,4,1984,0.022541853136660767
1984-03-31,5,4,1984,0.04636582300156046
1984-04-30,5,4,1984,0.037862094111407896
1984-05-31,5,4,1984,0.04303249345178392
1984-06-30,5,4,1984,0.014524520174688593
1984-07-31,5,4,1984,0.027675966057111867
1984-08-31,5,4,1984,0.017038496958943057
1984-09-30,5,4,1984,0.05629682472828199
1984-10-31,5,4,1984,0.014364890957474515
1984-11-30,5,4,1984,0.048690199558562054
1984-12-31,5,4,1984,0.019691938785901267
1985-01-31,5,5,1985,-0.07126288724919891
1985-02-28,5,5,1985,0.0664199825793716
1985-03-31,5,5,1985,0.05225253764163066
1985-04-30,5,5,1985,0.04872277632467121
1985-05-31,5,5,1985,0.03320599933354958
1985-06-30,5,5,1985,0.0406212369358311
1985-07-31,5,5,1985,0.017573376460897083
1985-08-31,5,5,1985,0.02882960605467984
1985-09-30,5,5,1985,0.026549464907931194
1985-10-31,5,5,1985,0.03419085650546259
1985-11-30,5,5,1985,0.02403374761205759
1985-12-31,5,5,1985,-0.0024641748036559443
1986-01-31,5,6,1986,0.0230621401901568
1986-02-28,5,6,1986,0.057575551713301844
1986-03-31,5,6,1986,0.044549182955919114
1986-04-30,5,6,1986,0.015967328024627286
1986-05-31,5,6,1986,0.042863653937215834
1986-06-30,5,6,1986,0.03335712633062011
1986-07-31,5,6,1986,0.023744175771235818
1986-08-31,5,6,1986,0.05927319375663677
1986-09-30,5,6,1986,0.00028641286250185444
1986-10-31,5,6,1986,0.022295241045373008
1986-11-30,5,6,1986,0.023937384672256434
1986-12-31,5,6,1986,0.03837863473375493
1987-01-31,5,7,1987,0.08465665788696129
1987-02-28,5,7,1987,0.04194383208959937
1987-03-31,5,7,1987,0.053254099657831636
1987-04-30,5,7,1987,0.0702420200788433
1987-05-31,5,7,1987,0.03139293319937644
1987-06-30,5,7,1987,0.019399148075426646
1987-07-31,5,7,1987,0.08920820173067194
1987-08-31,5,7,1987,0.04330366391026097
1987-09-30,5,7,1987,0.02045896597408798
1987-10-31,5,7,1987,-0.03369485498497183
1987-11-30,5,7,1987,0.0646178062699265
1987-12-31,5,7,1987,0.0850377498288536
1988-01-31,5,8,1988,-0.007606138584694942
1988-02-29,5,8,1988,0.031625209246902417
1988-03-31,5,8,1988,0.016575887583644693
1988-04-30,5,8,1988,0.046298289172249034
1988-05-31,5,8,1988,0.05395945053425234
1988-06-30,5,8,1988,0.0106734630131155
1988-07-31,5,8,1988,0.0472965829059105
1988-08-31,5,8,1988,0.032545642763156774
1988-09-30,5,8,1988,0.05126537036067892
1988-10-31,5,8,1988,0.02993651582094665
1988-11-30,5,8,1988,0.016726059971325768
1988-12-31,5,8,1988,0.03288714520259607
1989-01-31,5,9,1989,0.0709634685419313
1989-02-28,5,9,1989,0.029861826495362107
1989-03-31,5,9,1989,0.028578763503568957
1989-04-30,5,9,1989,0.030006978590871466
1989-05-31,5,9,1989,0.037677541369654934
1989-06-30,5,9,1989,0.044912102350600155
1989-07-31,5,9,1989,0.03206999096296261
1989-08-31,5,9,1989,-0.004068330413521277
1989-09-30,5,9,1989,0.03862427422768236
1989-10-31,5,9,1989,0.04564539801075335
1989-11-30,5,9,1989,0.0005047215726786689
1989-12-31,5,9,1989,0.06631758470954513
1990-01-31,5,10,1990,0.019037180548415637
1990-02-28,5,10,1990,0.06729030714373478
1990-03-31,5,10,1990,0.047962464915494434
1990-04-30,5,10,1990,0.04088671841030977
1990-05-31,5,10,1990,0.03477153385679485
1990-06-30,5,10,1990,0.04211817232190812
1990-07-31,5,10,1990,0.06354039412707402
1990-08-31,5,10,1990,0.026131039104840714
1990-09-30,5,10,1990,0.061673083853558894
1990-10-31,5,10,1990,0.029704588366334668
1990-11-30,5,10,1990,0.011728119379059723
1990-12-31,5,10,1990,0.0604832006638822
1991-01-31,5,11,1991,0.05195181096117454
1991-02-28,5,11,1991,0.009858613074285129
1991-03-31,5,11,1991,0.07356339702074008
1991-04-30,5,11,1991,0.050122760721325474
1991-05-31,5,11,1991,0.05394544473275167
1991-06-30,5,11,1991,0.019344968173767102
1991-07-31,5,11,1991,0.06307009553552552
1991-08-31,5,11,1991,0.05032893968865618
1991-09-30,5,11,1991,0.03181436775746353
1991-10-31,5,11,1991,0.04932861512369144
1991-11-30,5,11,1991,0.01718236862212829
1991-12-31,5,11,1991,0.08485463683894191
1992-01-31,5,12,1992,0.08519144141857402
1992-02-29,5,12,1992,0.08088714943184082
1992-03-31,5,12,1992,0.037659793137992836
1992-04-30,5,12,1992,0.05516511486742911
1992-05-31,5,12,1992,0.019339479174951487
1992-06-30,5,12,1992,0.05591374284670518
1992-07-31,5,12,1992,0.0022975019683016125
1992-08-31,5,12,1992,0.011561441049448246
1992-09-30,5,12,1992,0.04565239567126164
1992-10-31,5,12,1992,0.04862416749671483
1992-11-30,5,12,1992,0.01591804095094194
1992-12-31,5,12,1992,0.014781558273838709
1993-01-31,5,13,1993,0.08328630030314091
1993-02-28,5,13,1993,0.06794872797470636
1993-03-31,5,13,1993,0.04864359552815781
1993-04-30,5,13,1993,0.05171215114284741
1993-05-31,5,13,1993,0.01685388584115201
1993-06-30,5,13,1993,0.06759653386562726
1993-07-31,5,13,1993,0.020769969234315018
1993-08-31,5,13,1993,0.03243240948242468
1993-09-30,5,13,1993,0.035546389213725355
1993-10-31,5,13,1993,0.004145073773854218
1993-11-30,5,13,1993,0.017187176028553113
1993-12-31,5,13,1993,0.028296320024276133
1994-01-31,5,14,1994,0.046720381569124995
1994-02-28,5,14,1994,0.06295585931976254
1994-03-31,5,14,1994,0.04060823042638011
1994-04-30,5,14,1994,0.032928814037550165
1994-05-31,5,14,1994,0.027265958340666197
1994-06-30,5,14,1994,0.006308751302659106
1994-07-31,5,14,1994,0.019871827901110726
1994-08-31,5,14,1994,0.043247834339940235
1994-09-30,5,14,1994,0.03395754377667842
1994-10-31,5,14,1994,0.016986180090040645
1994-11-30,5,14,1994,0.03113958917290822
1994-12-31,5,14,1994,0.051913519736429145
1995-01-31,5,15,1995,0.017078420844740205
1995-02-28,5,15,1995,0.02890520312625274
1995-03-31,5,15,1995,0.053713238641422745
1995-04-30,5,15,1995,0.0442333716121341
1995-05-31,5,15,1995,0.011523413240786415
1995-06-30,5,15,1995,0.03460578533313845
1995-07-31,5,15,1995,0.06658090196062165
1995-08-31,5,15,1995,0.008698522087895377
1995-09-30,5,15,1995,0.07280482246087298
1995-10-31,5,15,1995,0.04569491294689729
1995-11-30,5,15,1995,0.019565219744068506
1995-12-31,5,15,1995,0.053694718394958575
1996-01-31,5,16,1996,0.06251690681676424
1996-02-29,5,16,1996,0.06236835238917545
1996-03-31,5,16,1996,0.0005500815483071501
1996-04-30,5,16,1996,0.030526120105115667
1996-05-31,5,16,1996,0.047334966652239054
1996-06-30,5,16,1996,0.07403990807855117
1996-07-31,5,16,1996,0.006255260880839644
1996-08-31,5,16,1996,0.017769741047492307
1996-09-30,5,16,1996,0.036575494141318714
1996-10-31,5,16,1996,0.022701751389360564
1996-11-30,5,16,1996,0.021510559727515505
1996-12-31,5,16,1996,0.017260989139481844
1997-01-31,5,17,1997,0.025335371510678748
1997-02-28,5,17,1997,0.04919631103205121
1997-03-31,5,17,1997,0.037285866045725216
1997-04-30,5,17,1997,0.050301764261372825
1997-05-31,5,17,1997,0.014570865031184129
1997-06-30,5,17,1997,0.045047484197887865
1997-07-31,5,17,1997,0.030277252612543274
1997-08-31,5,17,1997,0.01695920566835064
1997-09-30,5,17,1997,0.016472071316661223
1997-10-31,5,17,1997,0.07338637171813538
1997-11-30,5,17,1997,0.05750806322607522
1997-12-31,5,17,1997,0.016412800039768492
1998-01-31,5,18,1998,0.03838801459823494
1998-02-28,5,18,1998,0.010404316747296053
1998-03-31,5,18,1998,0.03318098663819416
1998-04-30,5,18,1998,0.028262007322444094
1998-05-31,5,18,1998,0.024122129887968063
1998-06-30,5,18,1998,0.04025077803780255
1998-07-31,5,18,1998,0.06340715462187814
1998-08-31,5,18,1998,-0.011616419480019066
1998-09-30,5,18,1998,0.06980906079698353
1998-10-31,5,18,1998,0.01587604244712083
1998-11-30,5,18,1998,0.07808229557634462
1998-12-31,5,18,1998,0.08119048003913859
1999-01-31,5,19,1999,0.11636012368610951
1999-02-28,5,19,1999,0.04395098611623905
1999-03-31,5,19,1999,0.03364677860288272
1999-04-30,5,19,1999,0.03730136990154991
1999-05-31,5,19,1999,0.048457790223830774
1999-06-30,5,19,1999,0.07540051144025613
1999-07-31,5,19,1999,0.05040880249951911
1999-08-31,5,19,1999,0.042364489120932866
1999-09-30,5,19,1999,0.06757023766280347
1999-10-31,5,19,1999,0.07017834509952503
1999-11-30,5,19,1999,0.15342556882514816
1999-12-31,5,19,1999,0.09806368148683883
2000-01-31,5,20,2000,0.19504978129599582
2000-02-29,5,20,2000,0.23360152122768676
2000-03-31,5,20,2000,0.11567124251780474
2000-04-30,5,20,2000,0.024407193846270686
2000-05-31,5,20,2000,0.01563061612374814
2000-06-30,5,20,2000,0.0892781228055821
2000-07-31,5,20,2000,-0.013568764739062964
2000-08-31,5,20,2000,0.06910299950546554
2000-09-30,5,20,2000,0.03872482231725436
2000-10-31,5,20,2000,0.050372089341943295
2000-11-30,5,20,2000,-0.0018059998516613781
2000-12-31,5,20,2000,0.04551773717148447
2001-01-31,5,21,2001,-0.05943539203095074
2001-02-28,5,21,2001,0.16693217990107395
2001-03-31,5,21,2001,0.16470394738962307
2001-04-30,5,21,2001,0.010022543041832246
2001-05-31,5,21,2001,0.08881849035653447
2001-06-30,5,21,2001,0.1505140708712052
2001-07-31,5,21,2001,0.09083083189190792
2001-08-31,5,21,2001,0.0839601101331464
2001-09-30,5,21,2001,0.08031227301267507
2001-10-31,5,21,2001,-0.1211118344256745
2001-11-30,5,21,2001,-0.1446846601323428
2001-12-31,5,21,2001,-0.06618522095768392
2002-01-31,5,22,2002,0.12036062355185313
2002-02-28,5,22,2002,0.08722120793077495
2002-03-31,5,22,2002,0.025377027044630584
2002-04-30,5,22,2002,0.09402497630132699
2002-05-31,5,22,2002,0.04932579537609724
2002-06-30,5,22,2002,0.040284586388945186
2002-07-31,5,22,2002,-0.03234784177266865
2002-08-31,5,22,2002,0.0498112046365993
2002-09-30,5,22,2002,-0.015039592328787462
2002-10-31,5,22,2002,-0.00015775887929017897
2002-11-30,5,22,2002,-0.04263416569848247
2002-12-31,5,22,2002,0.01414917269978733
2004-01-31,5,24,2004,0.09843654538425735
2004-02-29,5,24,2004,0.00962471711830022
2004-03-31,5,24,2004,-0.005149621488087194
2004-04-30,5,24,2004,0.0010650803172245907
2004-05-31,5,24,2004,0.0002618187593436613
2004-06-30,5,24,2004,0.008320242776488756
2004-07-31,5,24,2004,-0.004983745812830094
2004-08-31,5,24,2004,-0.0001424811119653295
2004-09-30,5,24,2004,0.013991047359907572
2004-10-31,5,24,2004,0.013034709806293742
2004-11-30,5,24,2004,0.07643663483090395
2004-12-31,5,24,2004,0.01646582456162396
2005-01-31,5,25,2005,0.020841251544358605
2005-02-28,5,25,2005,0.026419421968048706
2005-03-31,5,25,2005,0.0410857337402323
2005-04-30,5,25,2005,0.00310841811281792
2005-05-31,5,25,2005,0.01759733386115036
2005-06-30,5,25,2005,0.012956804088777649
2005-07-31,5,25,2005,-0.007766282110852298
2005-08-31,5,25,2005,0.02812845062969568
2005-09-30,5,25,2005,0.02794232598653068
2005-10-31,5,25,2005,-0.011504517225602333
2005-11-30,5,25,2005,0.021146613755254177
2005-12-31,5,25,2005,0.005115242086124557
2006-01-31,5,26,2006,0.029726131431840584
2006-02-28,5,26,2006,-0.013740459508873305
2006-03-31,5,26,2006,0.015417275032721197
2006-04-30,5,26,2006,0.01067116108648427
2006-05-31,5,26,2006,-0.02230537876687877
2006-06-30,5,26,2006,0.00128414700465373
2006-07-31,5,26,2006,0.020147360138301484
2006-08-31,5,26,2006,0.00944167389550143
2006-09-30,5,26,2006,0.02640992534322431
2006-10-31,5,26,2006,0.006379614330372953
2006-11-30,5,26,2006,0.046496600606222516
2006-12-31,5,26,2006,0.0022211806504596147
2007-01-31,5,27,2007,0.04479554441218529
2007-02-28,5,27,2007,0.02156367275696168
2007-03-31,5,27,2007,-0.004308656905248001
2007-04-30,5,27,2007,0.008149062448231992
2007-05-31,5,27,2007,-0.003970576847855424
2007-06-30,5,27,2007,0.01235471081169183
2007-07-31,5,27,2007,0.04084574268774236
2007-08-31,5,27,2007,0.007122812856455284
2007-09-30,5,27,2007,0.012468658715071974
2007-10-31,5,27,2007,0.001029444189572677
2007-11-30,5,27,2007,-0.03883530643450217
2007-12-31,5,27,2007,-0.034580915752918696
2008-01-31,5,28,2008,-0.005050332489249682
2008-02-29,5,28,2008,0.03601978555710975
2008-03-31,5,28,2008,-0.0034817580583571704
2008-04-30,5,28,2008,-0.008753589707516569
2008-05-31,5,28,2008,0.017601867142381798
2008-06-30,5,28,2008,-0.010546175659679038
2008-07-31,5,28,2008,-0.023905894551782703
2008-08-31,5,28,2008,-0.0410019818249114
2008-09-30,5,28,2008,-0.048763026423448756
2008-10-31,5,28,2008,0.0026374508298439535
2008-11-30,5,28,2008,0.032102759684463314
2008-12-31,5,28,2008,0.041900001959815136
2009-01-31,5,29,2009,0.08777736403789158
2009-02-28,5,29,2009,0.01972757786965549
2009-03-31,5,29,2009,0.009048607040623468
2009-04-30,5,29,2009,-0.1322750828569588
2009-05-31,5,29,2009,-0.01054374738527103
2009-06-30,5,29,2009,0.05251174869587596
2009-07-31,5,29,2009,-0.03719680253163195
2009-08-31,5,29,2009,0.02310671531033248
2009-09-30,5,29,2009,-0.015363347200522848
2009-10-31,5,29,2009,0.009692714759133293
2009-11-30,5,29,2009,0.05989195012897801
2009-12-31,5,29,2009,0.011087519791524498
2010-01-31,5,30,2010,0.06701879381493506
2010-02-28,5,30,2010,0.015028551238360832
2010-03-31,5,30,2010,0.009779289308206764
2010-04-30,5,30,2010,0.07911731879244217
2010-05-31,5,30,2010,0.006713945775279209
2010-06-30,5,30,2010,-0.017303507325290964
2010-07-31,5,30,2010,0.020184674994886426
2010-08-31,5,30,2010,0.014022625278515888
2010-09-30,5,30,2010,0.015466836447496544
2010-10-31,5,30,2010,0.022774311713642956
2010-11-30,5,30,2010,-0.007496177312388536
2010-12-31,5,30,2010,0.013282761154638622
2011-01-31,5,31,2011,0.06333431960572307
2011-02-28,5,31,2011,0.03411828670177189
2011-03-31,5,31,2011,0.03716307625182015
2011-04-30,5,31,2011,0.00830651722679353
2011-05-31,5,31,2011,0.03735291096318623
2011-06-30,5,31,2011,0.025791231589694347
2011-07-31,5,31,2011,0.00024398256529717475
2011-08-31,5,31,2011,0.00961340788872169
2011-09-30,5,31,2011,0.003091882830315376
2011-10-31,5,31,2011,0.019309650330826187
2011-11-30,5,31,2011,0.03693969842978135
2011-12-31,5,31,2011,-0.0008886369269597702
2013-01-31,5,33,2013,0.09283756794785905
2013-02-28,5,33,2013,0.030487030541134164
2013-03-31,5,33,2013,0.0028705143626833515
2013-04-30,5,33,2013,-0.024039290135622473
2013-05-31,5,33,2013,0.045377778158874595
2013-06-30,5,33,2013,-0.020906855031973596
2013-07-31,5,33,2013,0.056779364867692333
2013-08-31,5,33,2013,0.036806266414654114
2013-09-30,5,33,2013,0.01856711641735248
2013-10-31,5,33,2013,0.04960882349802194
2013-11-30,5,33,2013,0.024704137352107455
2013-12-31,5,33,2013,0.03722813296504476
2015-01-31,5,35,2015,0.06265879879113077
2015-02-28,5,35,2015,-0.013154917410790893
2015-03-31,5,35,2015,-0.0024016536224022882
2015-04-30,5,35,2015,-0.020296624826325497
2015-05-31,5,35,2015,0.0701774218563622
2015-06-30,5,35,2015,-0.008124897588557386
2015-07-31,5,35,2015,0.04465177941997378
2015-08-31,5,35,2015,-0.036369222877689025
2015-09-30,5,35,2015,0.07925465310002346
2015-10-31,5,35,2015,0.017861697985923918
2015-11-30,5,35,2015,0.06656480402379773
2015-12-31,5,35,2015,-0.03895808742792343
2016-01-31,5,36,2016,0.04066471316108204
2016-02-29,5,36,2016,-0.011741177398542597
2016-03-31,5,36,2016,0.003488877195881805
2016-04-30,5,36,2016,-0.05063052385003781
2016-05-31,5,36,2016,0.07032531475063807
2016-06-30,5,36,2016,0.031937315840987614
2016-07-31,5,36,2016,0.05516068767119091
2016-08-31,5,36,2016,-0.012543691958582995
2016-09-30,5,36,2016,-0.04020331129131859
2016-10-31,5,36,2016,-0.0312683199449443
2016-11-30,5,36,2016,0.03252982561707726
2016-12-31,5,36,2016,-0.0411989282742599
2018-01-31,5,38,2018,0.051642303656340274
2018-02-28,5,38,2018,-0.04405540402146274
2018-03-31,5,38,2018,0.004766725781276557
2018-04-30,5,38,2018,-0.02937598309990388
2018-05-31,5,38,2018,-0.02683340697486891
2018-06-30,5,38,2018,0.0021523845454765054
2018-07-31,5,38,2018,0.011659561827077917
2018-08-31,5,38,2018,0.034101913930595515
2018-09-30,5,38,2018,-0.011649262710006134
2018-10-31,5,38,2018,-0.04145821226883548
2018-11-30,5,38,2018,0.017124384366868913
2018-12-31,5,38,2018,-0.06338501570932761
2019-01-31,5,39,2019,0.09378306759763037
2019-02-28,5,39,2019,0.016852535151587675
2019-03-31,5,39,2019,0.04373614489540334
2019-04-30,5,39,2019,0.02937726847915511
2019-05-31,5,39,2019,-0.0033694852300728984
2019-06-30,5,39,2019,0.01785968059550229
2019-07-31,5,39,2019,0.026232994983355473
2019-08-31,5,39,2019,0.00627452064532964
2019-09-30,5,39,2019,-0.030755307560375506
2019-10-31,5,39,2019,0.029678915581165415
2019-11-30,5,39,2019,-0.034529725252573355
2019-12-31,5,39,2019,-0.08270466744788882
2020-01-31,5,40,2020,0.13862768739113213
2020-02-29,5,40,2020,0.002179127542009803
2020-03-31,5,40,2020,0.018642079132960256
2020-04-30,5,40,2020,-0.09473215711825125
2020-05-31,5,40,2020,0.060415030831528466
2020-06-30,5,40,2020,0.06266614132414315
2020-07-31,5,40,2020,0.0843455263838407
2020-08-31,5,40,2020,0.020877872615774937
2020-09-30,5,40,2020,0.01050101366723468
2020-10-31,5,40,2020,0.031208654213261338
2020-11-30,5,40,2020,0.02678614133751283
2020-12-31,5,40,2020,0.05067322770445437
2021-01-31,5,41,2021,0.104451451117475
2021-02-28,5,41,2021,0.053296831711160564
2021-03-31,5,41,2021,0.03663185717373825
2021-04-30,5,41,2021,0.040601310788150616
2021-05-31,5,41,2021,0.011477143168112058
2021-06-30,5,41,2021,0.03794661922932589
2021-07-31,5,41,2021,0.04311501314692751
2021-08-31,5,41,2021,0.013556163205907938
2021-09-30,5,41,2021,-0.01628962144953396
2021-10-31,5,41,2021,0.03729724401477516
2021-11-30,5,41,2021,0.03130057984388043
2021-12-31,5,41,2021,0.06537645382447671
2022-01-31,5,42,2022,0.04300040872805532
2022-02-28,5,42,2022,-0.008318629633227971
2022-03-31,5,42,2022,0.045364641576830726
2022-04-30,5,42,2022,-0.03330753316022527
2022-05-31,5,42,2022,-0.004554742930053956
2022-06-30,5,42,2022,-0.015347074921029196
2022-07-31,5,42,2022,-0.013209711379493453
2022-08-31,5,42,2022,0.032436495526646354
2022-09-30,5,42,2022,-0.06480982787926766
2022-10-31,5,42,2022,0.0608953956092862
2022-11-30,5,42,2022,0.04635206703834752
2022-12-31,5,42,2022,-0.0017651646359708416
2023-01-31,5,43,2023,0.04672950918939948
2023-02-28,5,43,2023,-0.003524157453157034
2023-03-31,5,43,2023,-0.02891618893907255
2023-04-30,5,43,2023,0.010087817064160823
2023-05-31,5,43,2023,0.028232864731584695
2023-06-30,5,43,2023,0.04613795954650844
2023-07-31,5,43,2023,-0.005889000431245634
2023-08-31,5,43,2023,0.021270235144969285
2023-09-30,5,43,2023,-0.04707197996941715
2023-10-31,5,43,2023,0.02154317977305624
2023-11-30,5,43,2023,0.11205329955211132
2023-12-31,5,43,2023,0.07568830727708152
2024-01-31,5,44,2024,0.025307373943395047
2024-02-29,5,44,2024,0.014097943887303451
2024-03-31,5,44,2024,0.021745077749392425
2024-04-30,5,44,2024,-0.008546029467500233
2024-05-31,5,44,2024,-0.04005788289168396
2024-06-30,5,44,2024,0.040275088195760256
2024-07-31,5,44,2024,0.05087967990464406
2024-08-31,5,44,2024,0.04884845651772998
2024-09-30,5,44,2024,0.01478270657656052
2024-10-31,5,44,2024,-0.03632348956532764
2024-11-30,5,44,2024,0.04275775149559295
2024-12-31,5,44,2024,0.013954328271994769
1981-01-31,6,1,1981,0.0209989401107624
1981-02-28,6,1,1981,0.022212559992044835
1981-03-31,6,1,1981,0.026930136621420474
1981-04-30,6,1,1981,0.05759612187833296
1981-05-31,6,1,1981,0.0336132840154222
1981-06-30,6,1,1981,0.002116189740460511
1981-07-31,6,1,1981,-0.0028777998293840574
1981-08-31,6,1,1981,-0.006882156403617684
1981-09-30,6,1,1981,0.006176590883976738
1981-10-31,6,1,1981,0.013163559424519087
1981-11-30,6,1,1981,0.027673509627680653
1981-12-31,6,1,1981,0.03791728225863159
1982-01-31,6,2,1982,0.03538289897969317
1982-02-28,6,2,1982,0.04679615241621776
1982-03-31,6,2,1982,0.025844031945188018
1982-04-30,6,2,1982,0.04254266058138447
1982-05-31,6,2,1982,0.021128091007339644
1982-06-30,6,2,1982,0.03258432082642398
1982-07-31,6,2,1982,0.03944121912113926
1982-08-31,6,2,1982,0.015094427885956274
1982-09-30,6,2,1982,0.0848791124870003
1982-10-31,6,2,1982,0.04439550282182287
1982-11-30,6,2,1982,0.09155170135862982
1982-12-31,6,2,1982,0.03690344810897301
1983-01-31,6,3,1983,0.009665971822653623
1983-02-28,6,3,1983,0.09243323823576086
1983-03-31,6,3,1983,0.05047083162470711
1983-04-30,6,3,1983,0.02421099062010027
1983-05-31,6,3,1983,0.0010307739842187807
1983-06-30,6,3,1983,0.035611202872578906
1983-07-31,6,3,1983,0.031217050243171042
1983-08-31,6,3,1983,0.042467717942005004
1983-09-30,6,3,1983,0.033318922526270084
1983-10-31,6,3,1983,0.034779447440222315
1983-11-30,6,3,1983,0.039550891271797894
1983-12-31,6,3,1983,0.03453444229699885
1984-01-31,6,4,1984,0.006543156272041963
1984-02-29,6,4,1984,0.007587140325385825
1984-03-31,6,4,1984,0.013709578950721998
1984-04-30,6,4,1984,0.037099420117338786
1984-05-31,6,4,1984,0.0372387857922413
1984-06-30,6,4,1984,0.019050024710602676
1984-07-31,6,4,1984,0.027183907129448456
1984-08-31,6,4,1984,0.05137148086038132
1984-09-30,6,4,1984,0.0012743409791974867
1984-10-31,6,4,1984,0.022317833815006922
1984-11-30,6,4,1984,0.04136097241965013
1984-12-31,6,4,1984,0.031918411100791494
1985-01-31,6,5,1985,0.025357597156207282
1985-02-28,6,5,1985,0.04005208677220952
1985-03-31,6,5,1985,0.015909877894466764
1985-04-30,6,5,1985,0.036308596322260245
1985-05-31,6,5,1985,0.0316464718209144
1985-06-30,6,5,1985,0.016817478579834136
1985-07-31,6,5,1985,0.03653095995480271
1985-08-31,6,5,1985,0.003003247664138735
1985-09-30,6,5,1985,0.026275087923250964
1985-10-31,6,5,1985,0.025410751828046637
1985-11-30,6,5,1985,0.03120388907630114
1985-12-31,6,5,1985,0.03596352858669634
1986-01-31,6,6,1986,0.012323566690559597
1986-02-28,6,6,1986,0.0371290435074991
1986-03-31,6,6,1986,0.026378669593780952
1986-04-30,6,6,1986,0.025508280778981554
1986-05-31,6,6,1986,0.026296801818477038
1986-06-30,6,6,1986,0.030606190585314934
1986-07-31,6,6,1986,0.006958067122639174
1986-08-31,6,6,1986,0.03573452144564771
1986-09-30,6,6,1986,-0.019556011006727807
1986-10-31,6,6,1986,0.05529283336244708
1986-11-30,6,6,1986,0.06098644361528156
1986-12-31,6,6,1986,0.015891031251778303
1987-01-31,6,7,1987,0.16421594962213484
1987-02-28,6,7,1987,-0.0057651847542970515
1987-03-31,6,7,1987,0.046796125303532485
1987-04-30,6,7,1987,0.024652123891383677
1987-05-31,6,7,1987,0.0413200153016911
1987-06-30,6,7,1987,0.034944899934951604
1987-07-31,6,7,1987,0.05552459304224022
1987-08-31,6,7,1987,0.03858977082673667
1987-09-30,6,7,1987,0.01749137079628306
1987-10-31,6,7,1987,-0.04494644950952495
1987-11-30,6,7,1987,0.07939163662738671
1987-12-31,6,7,1987,-0.08217308145590752
1988-01-31,6,8,1988,0.009675741046009843
1988-02-29,6,8,1988,0.05524332662395325
1988-03-31,6,8,1988,0.024027432942999763
1988-04-30,6,8,1988,0.029317663696390887
1988-05-31,6,8,1988,0.058704324433612336
1988-06-30,6,8,1988,0.04057441061533321
1988-07-31,6,8,1988,0.026479463218211662
1988-08-31,6,8,1988,0.030439357989442285
1988-09-30,6,8,1988,0.05739816296184057
1988-10-31,6,8,1988,0.02255609467137632
1988-11-30,6,8,1988,0.015687955314014283
1988-12-31,6,8,1988,0.05132623443066568
1989-01-31,6,9,1989,0.051415163677289356
1989-02-28,6,9,1989,0.011667324586161225
1989-03-31,6,9,1989,0.048645484541908535
1989-04-30,6,9,1989,0.066819629327853
1989-05-31,6,9,1989,0.051873919631820406
1989-06-30,6,9,1989,0.04644951403663211
1989-07-31,6,9,1989,0.019057975812949005
1989-08-31,6,9,1989,0.01222009002607777
1989-09-30,6,9,1989,0.03401401064201199
1989-10-31,6,9,1989,0.017676120789666055
1989-11-30,6,9,1989,-0.00868497115311394
1989-12-31,6,9,1989,0.03340279267652796
1990-01-31,6,10,1990,0.04684338745264205
1990-02-28,6,10,1990,0.10864973195105877
1990-03-31,6,10,1990,0.03967640202699167
1990-04-30,6,10,1990,0.04255287039052481
1990-05-31,6,10,1990,0.030517570908811346
1990-06-30,6,10,1990,0.06888825254002857
1990-07-31,6,10,1990,0.04852081242333636
1990-08-31,6,10,1990,0.06501926084917245
1990-09-30,6,10,1990,0.08285662092455459
1990-10-31,6,10,1990,0.056766823539986064
1990-11-30,6,10,1990,0.15794032042276562
1990-12-31,6,10,1990,0.18040752835178667
1991-01-31,6,11,1991,-0.00789961420778245
1991-02-28,6,11,1991,0.08807250624398125
1991-03-31,6,11,1991,0.08697892835887366
1991-04-30,6,11,1991,0.09930689584483733
1991-05-31,6,11,1991,0.14440820476498278
1991-06-30,6,11,1991,0.05135821926482091
1991-07-31,6,11,1991,0.06035852567251519
1991-08-31,6,11,1991,0.07793232016273105
1991-09-30,6,11,1991,0.0241140450652755
1991-10-31,6,11,1991,0.04687056617087576
1991-11-30,6,11,1991,-0.0007209322752797422
1991-12-31,6,11,1991,0.09543150572832525
1992-01-31,6,12,1992,-0.04535155932836792
1992-02-29,6,12,1992,0.12232220917720443
1992-03-31,6,12,1992,0.0851658576685936
1992-04-30,6,12,1992,0.10501534069799365
1992-05-31,6,12,1992,0.04180261168096927
1992-06-30,6,12,1992,0.022820558765125364
1992-07-31,6,12,1992,0.04282907061572821
1992-08-31,6,12,1992,0.05733166263866232
1992-09-30,6,12,1992,0.07308106596055651
1992-10-31,6,12,1992,0.07278913384926707
1992-11-30,6,12,1992,0.0553971537737806
1992-12-31,6,12,1992,0.058978170197677426
1993-01-31,6,13,1993,0.11814697804173016
1993-02-28,6,13,1993,0.0646179509285949
1993-03-31,6,13,1993,0.02854853344137289
1993-04-30,6,13,1993,0.09134491616133426
1993-05-31,6,13,1993,-0.004868777796764304
1993-06-30,6,13,1993,0.09107827839140865
1993-07-31,6,13,1993,0.07461860025520628
1993-08-31,6,13,1993,0.06271213402028682
1993-09-30,6,13,1993,0.045151570839875435
1993-10-31,6,13,1993,-0.003336358493673813
1993-11-30,6,13,1993,0.08245767181396997
1993-12-31,6,13,1993,0.053626917952411764
1994-01-31,6,14,1994,0.05386280651061098
1994-02-28,6,14,1994,0.07947888448984158
1994-03-31,6,14,1994,0.05736914720964945
1994-04-30,6,14,1994,0.028375476833989062
1994-05-31,6,14,1994,0.06986021382418466
1994-06-30,6,14,1994,0.053385107808953426
1994-07-31,6,14,1994,0.06156666265608887
1994-08-31,6,14,1994,0.08275325654813782
1994-09-30,6,14,1994,0.049134142541762245
1994-10-31,6,14,1994,0.054352798437891585
1994-11-30,6,14,1994,0.04235229665665185
1994-12-31,6,14,1994,0.08566653672918505
1995-01-31,6,15,1995,0.017101888753458177
1995-02-28,6,15,1995,0.044310598203760036
1995-03-31,6,15,1995,0.04804848687943824
1995-04-30,6,15,1995,0.03557312753557303
1995-05-31,6,15,1995,-0.0037235528495723957
1995-06-30,6,15,1995,-0.00723880771206724
1995-07-31,6,15,1995,0.01777711202452215
1995-08-31,6,15,1995,-0.010395798066691088
1995-09-30,6,15,1995,0.02580185958123454
1995-10-31,6,15,1995,0.08148007819750457
1995-11-30,6,15,1995,0.032928003501742874
1995-12-31,6,15,1995,0.027431135316072632
1996-01-31,6,16,1996,0.039481537903170175
1996-02-29,6,16,1996,0.02058463870584961
1996-03-31,6,16,1996,0.05581946775916011
1996-04-30,6,16,1996,0.029177676158208665
1996-05-31,6,16,1996,0.050287194317734686
1996-06-30,6,16,1996,0.1461140291564263
1996-07-31,6,16,1996,0.07524865967554234
1996-08-31,6,16,1996,0.034482299502249986
1996-09-30,6,16,1996,0.0647505602889536
1996-10-31,6,16,1996,0.08807056083134525
1996-11-30,6,16,1996,0.08647792609137497
1996-12-31,6,16,1996,0.06962359279014112
1997-01-31,6,17,1997,0.03744769555681476
1997-02-28,6,17,1997,0.09417118746872485
1997-03-31,6,17,1997,0.056991877917921686
1997-04-30,6,17,1997,0.0890841383899074
1997-05-31,6,17,1997,0.026876407764720906
1997-06-30,6,17,1997,0.07051833679710588
1997-07-31,6,17,1997,0.047652951690564105
1997-08-31,6,17,1997,0.01909773605561818
1997-09-30,6,17,1997,0.017502619682249858
1997-10-31,6,17,1997,0.05728354473575578
1997-11-30,6,17,1997,0.10123397700905368
1997-12-31,6,17,1997,0.0646712198338175
1998-01-31,6,18,1998,0.06715430145596402
1998-02-28,6,18,1998,0.05870949526103729
1998-03-31,6,18,1998,0.03317456061414411
1998-04-30,6,18,1998,0.05317796359738335
1998-05-31,6,18,1998,0.04574745044439782
1998-06-30,6,18,1998,0.04323557935149075
1998-07-31,6,18,1998,0.0559764086026295
1998-08-31,6,18,1998,0.04553700669743617
1998-09-30,6,18,1998,0.0514500363834004
1998-10-31,6,18,1998,0.05347603839370068
1998-11-30,6,18,1998,0.029225959181803162
1998-12-31,6,18,1998,0.0859049877347342
1999-01-31,6,19,1999,0.04207024436994895
1999-02-28,6,19,1999,0.05021755795704608
1999-03-31,6,19,1999,0.050187605532659295
1999-04-30,6,19,1999,0.04077715448929403
1999-05-31,6,19,1999,0.05916684607744968
1999-06-30,6,19,1999,0.04658864525966667
1999-07-31,6,19,1999,0.026290083002602178
1999-08-31,6,19,1999,0.026508515109827928
1999-09-30,6,19,1999,0.0004249152430797476
1999-10-31,6,19,1999,0.033582351776559216
1999-11-30,6,19,1999,-0.01870954194557748
1999-12-31,6,19,1999,-0.0798183960239112
2000-01-31,6,20,2000,0.04005093370740949
2000-02-29,6,20,2000,-0.03525188922159787
2000-03-31,6,20,2000,0.06706343086309104
2000-04-30,6,20,2000,0.03900668407287454
2000-05-31,6,20,2000,0.04220290158945662
2000-06-30,6,20,2000,0.019999287920556816
2000-07-31,6,20,2000,0.03349667199290288
2000-08-31,6,20,2000,0.061538351487962155
2000-09-30,6,20,2000,0.01749400145105597
2000-10-31,6,20,2000,0.02335424986364719
2000-11-30,6,20,2000,0.02743796418130788
2000-12-31,6,20,2000,0.03689261281048271
2001-01-31,6,21,2001,0.42507470004061165
2001-02-28,6,21,2001,0.25229614352615337
2001-03-31,6,21,2001,0.19568984642956316
2001-04-30,6,21,2001,0.12258509805069433
2001-05-31,6,21,2001,0.18276962873222652
2001-06-30,6,21,2001,0.11085490546929944
2001-07-31,6,21,2001,0.07428972594745695
2001-08-31,6,21,2001,0.0759368720967874
2001-09-30,6,21,2001,0.17827460501874703
2001-10-31,6,21,2001,-0.05403662906046838
2001-11-30,6,21,2001,-0.040396278160364826
2001-12-31,6,21,2001,-0.04578341295092654
2002-01-31,6,22,2002,0.2899294273523547
2002-02-28,6,22,2002,0.16890357791848995
2002-03-31,6,22,2002,0.018684723683319665
2002-04-30,6,22,2002,0.17333255516254392
2002-05-31,6,22,2002,0.08621206772003047
2002-06-30,6,22,2002,-0.08004079542299466
2002-07-31,6,22,2002,-0.012969889069905371
2002-08-31,6,22,2002,0.1425050805956556
2002-09-30,6,22,2002,-0.020257764981771204
2002-10-31,6,22,2002,0.09878188767391992
2002-11-30,6,22,2002,-0.009087379715080002
2002-12-31,6,22,2002,0.12182778693183102
2003-01-31,6,23,2003,0.2166950297725441
2003-02-28,6,23,2003,0.06281501772695053
2003-03-31,6,23,2003,0.10281073031452037
2003-04-30,6,23,2003,-0.09895015316525385
2003-05-31,6,23,2003,0.1143265582092498
2003-06-30,6,23,2003,0.17108299864663007
2003-07-31,6,23,2003,0.058091532272804405
2003-08-31,6,23,2003,0.06908569553582486
2003-09-30,6,23,2003,0.08812571303325253
2003-10-31,6,23,2003,0.00016194946189385107
2003-11-30,6,23,2003,0.04519924041969237
2003-12-31,6,23,2003,0.10387211895164879
2004-01-31,6,24,2004,0.11864969056586479
2004-02-29,6,24,2004,0.10504147646671541
2004-03-31,6,24,2004,0.09582916368626629
2004-04-30,6,24,2004,0.14058657086288134
2004-05-31,6,24,2004,-0.06276410391553318
2004-06-30,6,24,2004,0.05576857072107479
2004-07-31,6,24,2004,0.06586340399025853
2004-08-31,6,24,2004,-0.005648789407567613
2004-09-30,6,24,2004,0.04591571027711837
2004-10-31,6,24,2004,0.06684996527853816
2004-11-30,6,24,2004,0.19471248156249005
2004-12-31,6,24,2004,0.07081180511406969
2005-01-31,6,25,2005,0.09034014428005457
2005-02-28,6,25,2005,0.0527007930009465
2005-03-31,6,25,2005,0.11763822380758622
2005-04-30,6,25,2005,-0.03776564403376445
2005-05-31,6,25,2005,-0.05854979004882565
2005-06-30,6,25,2005,0.029843950919460203
2005-07-31,6,25,2005,-0.022371587023070016
2005-08-31,6,25,2005,0.00693623038148315
2005-09-30,6,25,2005,0.06358228858373573
2005-10-31,6,25,2005,-0.02185676108502885
2005-11-30,6,25,2005,0.021372453966127674
2005-12-31,6,25,2005,0.029964833536899778
2006-01-31,6,26,2006,0.0365632447773831
2006-02-28,6,26,2006,0.021272533484553664
2006-03-31,6,26,2006,0.025945727765918535
2006-04-30,6,26,2006,0.05007856379122058
2006-05-31,6,26,2006,-0.001989774985163476
2006-06-30,6,26,2006,0.008267379397010296
2006-07-31,6,26,2006,-0.005984625671014517
2006-08-31,6,26,2006,0.011951532805878913
2006-09-30,6,26,2006,0.03485742154758121
2006-10-31,6,26,2006,-0.002842370987728933
2006-11-30,6,26,2006,0.05760675606218232
2006-12-31,6,26,2006,0.07924014788899157
2007-01-31,6,27,2007,0.12459731713811237
2007-02-28,6,27,2007,0.11835099066884379
2007-03-31,6,27,2007,-0.033396954152402285
2007-04-30,6,27,2007,0.024492785813189102
2007-05-31,6,27,2007,0.008652510491571756
2007-06-30,6,27,2007,0.07125714207955636
2007-07-31,6,27,2007,0.0562106379517681
2007-08-31,6,27,2007,-0.06251826789888082
2007-09-30,6,27,2007,-0.011901278419676524
2007-10-31,6,27,2007,-0.07453663100113533
2007-11-30,6,27,2007,-0.128058576199692
2007-12-31,6,27,2007,-0.15366278259369984
2008-01-31,6,28,2008,0.1823204546144131
2008-02-29,6,28,2008,0.13071931835181402
2008-03-31,6,28,2008,-0.09065318717628393
2008-04-30,6,28,2008,-0.04932224579618763
2008-05-31,6,28,2008,0.04758919649005757
2008-06-30,6,28,2008,-0.11760836553261256
2008-07-31,6,28,2008,-0.038108069948956054
2008-08-31,6,28,2008,-0.1166908862896388
2008-09-30,6,28,2008,-0.2106156041154347
2008-10-31,6,28,2008,-0.12714083660374537
2008-11-30,6,28,2008,-0.0456830108166641
2008-12-31,6,28,2008,0.07590085901079587
2009-01-31,6,29,2009,0.059941233475346245
2009-02-28,6,29,2009,0.06022277820743234
2009-03-31,6,29,2009,0.029948223928967815
2009-04-30,6,29,2009,-0.0023644862528137117
2009-05-31,6,29,2009,0.07913506609148337
2009-06-30,6,29,2009,0.058910172150649705
2009-07-31,6,29,2009,-0.039530557077379166
2009-08-31,6,29,2009,0.0024675555979869436
2009-09-30,6,29,2009,0.003928146206519521
2009-10-31,6,29,2009,0.04137516348065004
2009-11-30,6,29,2009,0.02197703226946291
2009-12-31,6,29,2009,0.01064537196481076
2010-01-31,6,30,2010,0.05147522768557847
2010-02-28,6,30,2010,0.01854913004105086
2010-03-31,6,30,2010,0.023423777617888948
2010-04-30,6,30,2010,0.04859469006415994
2010-05-31,6,30,2010,0.045493292823558774
2010-06-30,6,30,2010,0.03628179163018373
2010-07-31,6,30,2010,-0.009892239464560481
2010-08-31,6,30,2010,0.017225303349525146
2010-09-30,6,30,2010,0.03559023291162804
2010-10-31,6,30,2010,0.015768326407538294
2010-11-30,6,30,2010,0.0009684044229003962
2010-12-31,6,30,2010,-0.009239499617119284
2011-01-31,6,31,2011,0.10663413495968574
2011-02-28,6,31,2011,0.04986360108522808
2011-03-31,6,31,2011,0.04217738551860521
2011-04-30,6,31,2011,0.035487175376027046
2011-05-31,6,31,2011,0.04614546311401594
2011-06-30,6,31,2011,0.04230782644098581
2011-07-31,6,31,2011,0.011954733145057107
2011-08-31,6,31,2011,0.01780164392666984
2011-09-30,6,31,2011,0.03876776907843622
2011-10-31,6,31,2011,-0.03343143983781123
2011-11-30,6,31,2011,0.01378821453627942
2011-12-31,6,31,2011,0.0014257911576099516
2012-01-31,6,32,2012,0.059282609281031885
2012-02-29,6,32,2012,0.04350019583629591
2012-03-31,6,32,2012,0.01749517728062994
2012-04-30,6,32,2012,0.04941506845286239
2012-05-31,6,32,2012,-0.0024942897301076716
2012-06-30,6,32,2012,0.00017625856391207046
2012-07-31,6,32,2012,0.050930750543176556
2012-08-31,6,32,2012,-7.421988539251426e-05
2012-09-30,6,32,2012,0.005814817829909383
2012-10-31,6,32,2012,0.060208681840368386
2012-11-30,6,32,2012,0.01941083239575686
2012-12-31,6,32,2012,0.014688518881590772
2013-01-31,6,33,2013,0.09069732416039099
2013-02-28,6,33,2013,0.034144873665178356
2013-03-31,6,33,2013,-0.013386859793132415
2013-04-30,6,33,2013,-0.0008515162932229671
2013-05-31,6,33,2013,0.05673221482079539
2013-06-30,6,33,2013,0.011629708401835795
2013-07-31,6,33,2013,0.054461135490903825
2013-08-31,6,33,2013,0.02992650137408443
2013-09-30,6,33,2013,0.0031197341002383696
2013-10-31,6,33,2013,0.07037672153831384
2013-11-30,6,33,2013,0.011604190794675366
2013-12-31,6,33,2013,0.010773032577863753
2014-01-31,6,34,2014,0.04061814069338403
2014-02-28,6,34,2014,0.030193026841888453
2014-03-31,6,34,2014,0.056316243139512584
2014-04-30,6,34,2014,0.010360961142654892
2014-05-31,6,34,2014,0.019914459773685698
2014-06-30,6,34,2014,-0.005797116092505413
2014-07-31,6,34,2014,0.04411558420732088
2014-08-31,6,34,2014,-0.001103239039605795
2014-09-30,6,34,2014,0.059205222805129444
2014-10-31,6,34,2014,0.035901128220198364
2014-11-30,6,34,2014,0.05108869878594328
2014-12-31,6,34,2014,0.0272924650485532
2015-01-31,6,35,2015,0.040039741572841306
2015-02-28,6,35,2015,-0.02388234873845
2015-03-31,6,35,2015,0.02647104090722925
2015-04-30,6,35,2015,-0.04467680480053522
2015-05-31,6,35,2015,0.0373950388279397
2015-06-30,6,35,2015,0.015535925262642213
2015-07-31,6,35,2015,0.05210159807156387
2015-08-31,6,35,2015,-0.0010384945647958048
2015-09-30,6,35,2015,0.08536413369776212
2015-10-31,6,35,2015,0.017227884774596147
2015-11-30,6,35,2015,0.016011140283148886
2015-12-31,6,35,2015,0.027289363585167592
2016-01-31,6,36,2016,0.04195071039981707
2016-02-29,6,36,2016,-0.0033782745138520075
2016-03-31,6,36,2016,-0.038626015630639804
2016-04-30,6,36,2016,-0.06827717270619978
2016-05-31,6,36,2016,0.03592278429730851
2016-06-30,6,36,2016,0.05057690618998058
2016-07-31,6,36,2016,0.06720284745692731
2016-08-31,6,36,2016,-0.007900992377546462
2016-09-30,6,36,2016,-0.027192660122385567
2016-10-31,6,36,2016,0.018445239250571843
2016-11-30,6,36,2016,-0.017873998207159625
2016-12-31,6,36,2016,0.0056845454677991935
2017-01-31,6,37,2017,0.06835629239579603
2017-02-28,6,37,2017,-0.001404764680091919
2017-03-31,6,37,2017,-0.003502585997286553
2017-04-30,6,37,2017,0.03593891848398757
2017-05-31,6,37,2017,0.02818614539317177
2017-06-30,6,37,2017,-0.02049820360088861
2017-07-31,6,37,2017,0.012233592137248311
2017-08-31,6,37,2017,-0.010640177818393196
2017-09-30,6,37,2017,-0.029727808976896676
2017-10-31,6,37,2017,0.029528674743519556
2017-11-30,6,37,2017,-0.0007319164455848957
2017-12-31,6,37,2017,-0.050549373050247176
2018-01-31,6,38,2018,0.03478829198027483
2018-02-28,6,38,2018,-0.02546708489958701
2018-03-31,6,38,2018,0.01218075006270606
2018-04-30,6,38,2018,-0.022025103217144428
2018-05-31,6,38,2018,0.022743185569651055
2018-06-30,6,38,2018,0.03718381286815093
2018-07-31,6,38,2018,0.02252796648985558
2018-08-31,6,38,2018,0.005862397081789205
2018-09-30,6,38,2018,-0.020880097495808925
2018-10-31,6,38,2018,0.002464286638016758
2018-11-30,6,38,2018,-0.014283229694212618
2018-12-31,6,38,2018,-0.023308174262041036
2019-01-31,6,39,2019,0.07423963187524249
2019-02-28,6,39,2019,0.022973717148787355
2019-03-31,6,39,2019,0.005319334745115694
2019-04-30,6,39,2019,0.05198686659273189
2019-05-31,6,39,2019,0.009574481637329756
2019-06-30,6,39,2019,0.017820459764363555
2019-07-31,6,39,2019,0.03918764302545704
2019-08-31,6,39,2019,0.01229218236441512
2019-09-30,6,39,2019,0.012992031718224283
2019-10-31,6,39,2019,0.0240902952656153
2019-11-30,6,39,2019,-0.0890374533672434
2019-12-31,6,39,2019,-0.10721672877572985
2021-01-31,6,41,2021,0.03533153873398796
2021-02-28,6,41,2021,0.06022566207417667
2021-03-31,6,41,2021,0.07596675268069943
2021-04-30,6,41,2021,0.07302694027954124
2021-05-31,6,41,2021,0.05972457181214584
2021-06-30,6,41,2021,0.032776823874404414
2021-07-31,6,41,2021,0.06373613993503112
2021-08-31,6,41,2021,-0.02296236575397097
2021-09-30,6,41,2021,0.011068227760814783
2021-10-31,6,41,2021,0.06016477566025378
2021-11-30,6,41,2021,0.08148085001597441
2021-12-31,6,41,2021,0.06845988063078179
2022-01-31,6,42,2022,0.05486278627243651
2022-02-28,6,42,2022,0.0075200635730451795
2022-03-31,6,42,2022,0.05828206503898295
2022-04-30,6,42,2022,0.01233657727216118
2022-05-31,6,42,2022,0.049994899493405645
2022-06-30,6,42,2022,0.017189373627027892
2022-07-31,6,42,2022,-0.020485939965336902
2022-08-31,6,42,2022,0.0025319843466899486
2022-09-30,6,42,2022,-0.06889902173383468
2022-10-31,6,42,2022,0.044993093879329274
2022-11-30,6,42,2022,0.07351298026654889
2022-12-31,6,42,2022,-0.0018553651971259504
2023-01-31,6,43,2023,0.05058401608838345
2023-02-28,6,43,2023,0.04735662335615307
2023-03-31,6,43,2023,-0.017286356515350345
2023-04-30,6,43,2023,-0.019487376118406983
2023-05-31,6,43,2023,0.020425053088448965
2023-06-30,6,43,2023,0.07450688015086224
2023-07-31,6,43,2023,-0.010720474710878235
2023-08-31,6,43,2023,-0.02197854301340453
2023-09-30,6,43,2023,-0.020225468112725686
2023-10-31,6,43,2023,-0.010711820728765059
2023-11-30,6,43,2023,0.11644568275521298
2023-12-31,6,43,2023,0.015294183683704296
2024-01-31,6,44,2024,0.0158024187084168
2024-02-29,6,44,2024,-0.06897337499009516
2024-03-31,6,44,2024,0.05042625915180457
2024-04-30,6,44,2024,0.019837593643340003
2024-05-31,6,44,2024,0.037568804666314015
2024-06-30,6,44,2024,0.10316405402462575
2024-07-31,6,44,2024,0.05547196042061838
2024-08-31,6,44,2024,0.04599451248352216
2024-09-30,6,44,2024,-0.00020743026124947668
2024-10-31,6,44,2024,-0.03830406318843738
2024-11-30,6,44,2024,0.11659383192729139
2024-12-31,6,44,2024,0.05179703829632906
1981-01-31,7,1,1981,-0.014024537752474704
1981-02-28,7,1,1981,0.00751705074109017
1981-03-31,7,1,1981,0.016615219600236486
1981-04-30,7,1,1981,0.044683567856844957
1981-05-31,7,1,1981,0.030515895927054806
1981-06-30,7,1,1981,-0.0005828630988518307
1981-07-31,7,1,1981,0.013647208739306511
1981-08-31,7,1,1981,-0.017668776905212468
1981-09-30,7,1,1981,-0.010380148452960848
1981-10-31,7,1,1981,0.031741551811895384
1981-11-30,7,1,1981,0.0037084234012456697
1981-12-31,7,1,1981,-0.014959942130367568
1982-01-31,7,2,1982,0.02141232083391156
1982-02-28,7,2,1982,0.03215002913467946
1982-03-31,7,2,1982,0.01728477729178478
1982-04-30,7,2,1982,0.057318622267000977
1982-05-31,7,2,1982,0.020996372442203277
1982-06-30,7,2,1982,0.017075511767794035
1982-07-31,7,2,1982,0.0337613561110925
1982-08-31,7,2,1982,-0.012742290451365493
1982-09-30,7,2,1982,0.09753297428924859
1982-10-31,7,2,1982,0.06162489663105881
1982-11-30,7,2,1982,0.14234849825008586
1982-12-31,7,2,1982,0.05092072252326704
1983-01-31,7,3,1983,0.0694036605416988
1983-02-28,7,3,1983,0.10405284558593952
1983-03-31,7,3,1983,0.08480230781000174
1983-04-30,7,3,1983,0.048540248415384325
1983-05-31,7,3,1983,-0.0034093937388781853
1983-06-30,7,3,1983,0.0701396632809232
1983-07-31,7,3,1983,0.06162142234430799
1983-08-31,7,3,1983,0.02335960883136013
1983-09-30,7,3,1983,0.06784789711174083
1983-10-31,7,3,1983,0.06500198274031745
1983-11-30,7,3,1983,0.00963563985064885
1983-12-31,7,3,1983,0.052825882965667315
1984-01-31,7,4,1984,0.02684822817043199
1984-02-29,7,4,1984,0.00934727427336761
1984-03-31,7,4,1984,0.05623404859493177
1984-04-30,7,4,1984,0.030183348332027016
1984-05-31,7,4,1984,0.032739270492944096
1984-06-30,7,4,1984,0.046543207699155806
1984-07-31,7,4,1984,0.0673483841813704
1984-08-31,7,4,1984,0.01512800110467978
1984-09-30,7,4,1984,0.04946276489603049
1984-10-31,7,4,1984,0.04558254632002588
1984-11-30,7,4,1984,0.045093498314715055
1984-12-31,7,4,1984,0.043499642524688464
1985-01-31,7,5,1985,-0.008227242049080138
1985-02-28,7,5,1985,0.07829591289345696
1985-03-31,7,5,1985,0.0666243273725452
1985-04-30,7,5,1985,0.05696790416616594
1985-05-31,7,5,1985,0.07023228999818032
1985-06-30,7,5,1985,0.05789933818846958
1985-07-31,7,5,1985,0.03694087388622062
1985-08-31,7,5,1985,0.03242260752159114
1985-09-30,7,5,1985,0.038367799195697924
1985-10-31,7,5,1985,0.040136280555432655
1985-11-30,7,5,1985,0.05664857482047519
1985-12-31,7,5,1985,0.05191110174196951
1986-01-31,7,6,1986,0.07030564273414586
1986-02-28,7,6,1986,0.10675949793910976
1986-03-31,7,6,1986,0.08633326939539807
1986-04-30,7,6,1986,0.05475672744148136
1986-05-31,7,6,1986,0.03759554929492574
1986-06-30,7,6,1986,0.08713023305848722
1986-07-31,7,6,1986,0.033623828356540604
1986-08-31,7,6,1986,0.0218611267320165
1986-09-30,7,6,1986,0.004964951877252083
1986-10-31,7,6,1986,0.037378982188112836
1986-11-30,7,6,1986,0.03942029527106911
1986-12-31,7,6,1986,0.042272720908907276
1987-01-31,7,7,1987,0.06104315697894024
1987-02-28,7,7,1987,0.0002076882730641437
1987-03-31,7,7,1987,0.0740543152432922
1987-04-30,7,7,1987,0.020149690666881968
1987-05-31,7,7,1987,0.03996402647833151
1987-06-30,7,7,1987,0.0643157088548914
1987-07-31,7,7,1987,0.06391955260227673
1987-08-31,7,7,1987,0.03451620659741566
1987-09-30,7,7,1987,0.03833759867183713
1987-10-31,7,7,1987,-0.07191788187043083
1987-11-30,7,7,1987,0.054988902542130444
1987-12-31,7,7,1987,0.04717291200183449
1988-01-31,7,8,1988,0.014325815225901838
1988-02-29,7,8,1988,0.04039312631223553
1988-03-31,7,8,1988,0.031525336098470774
1988-04-30,7,8,1988,0.03748465514623097
1988-05-31,7,8,1988,0.057030052770108995
1988-06-30,7,8,1988,0.05987363062530003
1988-07-31,7,8,1988,0.03731076647645991
1988-08-31,7,8,1988,0.04849076285954936
1988-09-30,7,8,1988,0.08950089498215646
1988-10-31,7,8,1988,0.030179007916870303
1988-11-30,7,8,1988,-0.00064243418709224
1988-12-31,7,8,1988,0.04494353467519535
1989-01-31,7,9,1989,0.05555325287569547
1989-02-28,7,9,1989,0.014021095127766035
1989-03-31,7,9,1989,0.05529764855281138
1989-04-30,7,9,1989,0.07634602937797144
1989-05-31,7,9,1989,0.03407277508935706
1989-06-30,7,9,1989,0.04239244013764645
1989-07-31,7,9,1989,0.06367111801094245
1989-08-31,7,9,1989,0.012432753445538111
1989-09-30,7,9,1989,0.05964320661166359
1989-10-31,7,9,1989,0.029736159770681333
1989-11-30,7,9,1989,0.013474922469457324
1989-12-31,7,9,1989,0.015846011849811485
1990-01-31,7,10,1990,0.034398420408382695
1990-02-28,7,10,1990,0.05437138989322044
1990-03-31,7,10,1990,0.05712097388650931
1990-04-30,7,10,1990,0.05805507468322075
1990-05-31,7,10,1990,0.04059500018390942
1990-06-30,7,10,1990,0.06867873502985387
1990-07-31,7,10,1990,0.05626717435066934
1990-08-31,7,10,1990,0.050500292563061724
1990-09-30,7,10,1990,0.07689688137014329
1990-10-31,7,10,1990,0.044231064010793235
1990-11-30,7,10,1990,-0.0010764961989907776
1990-12-31,7,10,1990,0.08562823400427143
1991-01-31,7,11,1991,-0.015029461252386316
1991-02-28,7,11,1991,0.016542608930444708
1991-03-31,7,11,1991,0.08002134283395106
1991-04-30,7,11,1991,0.07776082584027642
1991-05-31,7,11,1991,0.08560122593302134
1991-06-30,7,11,1991,0.05347311910156197
1991-07-31,7,11,1991,0.10170841240825884
1991-08-31,7,11,1991,0.07195487468395022
1991-09-30,7,11,1991,0.04876392580202357
1991-10-31,7,11,1991,0.06507599359974109
1991-11-30,7,11,1991,0.003893995296778677
1991-12-31,7,11,1991,0.09770154184645508
1992-01-31,7,12,1992,-0.028694784203790406
1992-02-29,7,12,1992,0.10189517141637545
1992-03-31,7,12,1992,0.06780630753394963
1992-04-30,7,12,1992,0.08528067555733333
1992-05-31,7,12,1992,0.06415072158817772
1992-06-30,7,12,1992,0.04227055368509467
1992-07-31,7,12,1992,0.04150348124147361
1992-08-31,7,12,1992,0.02761229204442251
1992-09-30,7,12,1992,0.061772234620810794
1992-10-31,7,12,1992,0.06596018190275857
1992-11-30,7,12,1992,0.08809573502152866
1992-12-31,7,12,1992,0.06099844746025058
1993-01-31,7,13,1993,0.04887251453316063
1993-02-28,7,13,1993,0.05321677880462766
1993-03-31,7,13,1993,0.09013654819091677
1993-04-30,7,13,1993,0.026845642476404058
1993-05-31,7,13,1993,0.005379587116459764
1993-06-30,7,13,1993,0.04760063909892319
1993-07-31,7,13,1993,0.049368630023500844
1993-08-31,7,13,1993,0.030100217297162456
1993-09-30,7,13,1993,0.016241285477004826
1993-10-31,7,13,1993,6.745016199674028e-05
1993-11-30,7,13,1993,0.055728678779868535
1993-12-31,7,13,1993,0.05963668617228837
1994-01-31,7,14,1994,0.08204674493742342
1994-02-28,7,14,1994,0.06149167197226369
1994-03-31,7,14,1994,0.05466684103953974
1994-04-30,7,14,1994,0.03962842542067014
1994-05-31,7,14,1994,0.06129092691509145
1994-06-30,7,14,1994,0.06902651542156267
1994-07-31,7,14,1994,0.045600731587805116
1994-08-31,7,14,1994,0.03747472620466345
1994-09-30,7,14,1994,0.03881454368490857
1994-10-31,7,14,1994,0.02789984135908432
1994-11-30,7,14,1994,0.02712720883502069
1994-12-31,7,14,1994,0.08782179639303524
1995-01-31,7,15,1995,0.027968477072431396
1995-02-28,7,15,1995,0.03179786012535715
1995-03-31,7,15,1995,0.058193382796631624
1995-04-30,7,15,1995,0.05114408372770443
1995-05-31,7,15,1995,0.03218096855748436
1995-06-30,7,15,1995,0.0029894711607279826
1995-07-31,7,15,1995,0.05450327736527412
1995-08-31,7,15,1995,-0.0020778056633392614
1995-09-30,7,15,1995,0.04238444888113998
1995-10-31,7,15,1995,0.07712444287834726
1995-11-30,7,15,1995,0.006162527335792024
1995-12-31,7,15,1995,0.017534836178203127
1996-01-31,7,16,1996,0.04889398649271719
1996-02-29,7,16,1996,0.0205493049339708
1996-03-31,7,16,1996,0.04128280260892713
1996-04-30,7,16,1996,-0.024837320269942238
1996-05-31,7,16,1996,0.01591798247633604
1996-06-30,7,16,1996,0.13099242967682811
1996-07-31,7,16,1996,0.10279341278278965
1996-08-31,7,16,1996,0.019401591112169003
1996-09-30,7,16,1996,0.0419816430863622
1996-10-31,7,16,1996,0.09427645028691317
1996-11-30,7,16,1996,0.06959487847170812
1996-12-31,7,16,1996,0.06987457881242069
1997-01-31,7,17,1997,0.020397458537640637
1997-02-28,7,17,1997,0.07687950802697648
1997-03-31,7,17,1997,0.06911301357578174
1997-04-30,7,17,1997,0.08211187687748152
1997-05-31,7,17,1997,0.0004959441819059073
1997-06-30,7,17,1997,0.07181659148373
1997-07-31,7,17,1997,0.05801665226964306
1997-08-31,7,17,1997,0.009502966596057802
1997-09-30,7,17,1997,0.017886583887057786
1997-10-31,7,17,1997,0.06879032378984898
1997-11-30,7,17,1997,0.08886097190291402
1997-12-31,7,17,1997,0.06988563429498457
1998-01-31,7,18,1998,0.05509626482499405
1998-02-28,7,18,1998,0.02535663647452321
1998-03-31,7,18,1998,0.061259623142824786
1998-04-30,7,18,1998,0.052097473692769555
1998-05-31,7,18,1998,0.05787918678138029
1998-06-30,7,18,1998,0.04550663469034828
1998-07-31,7,18,1998,0.08415105602272661
1998-08-31,7,18,1998,0.033666625759318586
1998-09-30,7,18,1998,0.05623903323114012
1998-10-31,7,18,1998,0.020164042073650548
1998-11-30,7,18,1998,0.13818162304840595
1998-12-31,7,18,1998,0.0904011377436424
1999-01-31,7,19,1999,0.07199919990521501
1999-02-28,7,19,1999,0.0676863813972661
1999-03-31,7,19,1999,-0.024159128106842245
1999-04-30,7,19,1999,0.055936828381270634
1999-05-31,7,19,1999,0.14375208113079854
1999-06-30,7,19,1999,0.09019582858847267
1999-07-31,7,19,1999,0.10491063359878584
1999-08-31,7,19,1999,0.06499223318052447
1999-09-30,7,19,1999,-0.0072040703499748615
1999-10-31,7,19,1999,0.06781367647579163
1999-11-30,7,19,1999,-0.1411489692924944
1999-12-31,7,19,1999,-0.26534285243081285
2000-01-31,7,20,2000,0.15770237084014735
2000-02-29,7,20,2000,0.07770114788805595
2000-03-31,7,20,2000,0.10532783594644964
2000-04-30,7,20,2000,0.1865374883546474
2000-05-31,7,20,2000,0.11849075907706755
2000-06-30,7,20,2000,0.012195258284980609
2000-07-31,7,20,2000,0.09907353189234283
2000-08-31,7,20,2000,0.06868525700817786
2000-09-30,7,20,2000,0.13012256209849452
2000-10-31,7,20,2000,0.13612384075407963
2000-11-30,7,20,2000,0.136216709301661
2000-12-31,7,20,2000,0.07668721000231495
2001-01-31,7,21,2001,0.2342335928135359
2001-02-28,7,21,2001,0.3359146087221707
2001-03-31,7,21,2001,0.21925231990924676
2001-04-30,7,21,2001,0.017856006389619494
2001-05-31,7,21,2001,0.17882497348421791
2001-06-30,7,21,2001,0.15255467546058912
2001-07-31,7,21,2001,0.17872540105364634
2001-08-31,7,21,2001,0.08335459667319067
2001-09-30,7,21,2001,0.11512674138016755
2001-10-31,7,21,2001,-0.056163686513978406
2001-11-30,7,21,2001,-0.051590093723061926
2001-12-31,7,21,2001,-0.029380158551403086
2002-01-31,7,22,2002,0.26372560363619424
2002-02-28,7,22,2002,0.11529342243660728
2002-03-31,7,22,2002,0.09726868620870982
2002-04-30,7,22,2002,0.19141711782627863
2002-05-31,7,22,2002,0.12976313889312002
2002-06-30,7,22,2002,-0.04702012978797693
2002-07-31,7,22,2002,-0.021803938497408443
2002-08-31,7,22,2002,0.07631066935897557
2002-09-30,7,22,2002,0.04076286171682612
2002-10-31,7,22,2002,0.034081501952348214
2002-11-30,7,22,2002,-0.13772556610302705
2002-12-31,7,22,2002,0.1228976856178797
2003-01-31,7,23,2003,0.22097360200492083
2003-02-28,7,23,2003,0.08976893108877419
2003-03-31,7,23,2003,0.038272549061172986
2003-04-30,7,23,2003,-0.09971749656522842
2003-05-31,7,23,2003,0.04764343788204374
2003-06-30,7,23,2003,0.14568216335301756
2003-07-31,7,23,2003,0.044081764809966395
2003-08-31,7,23,2003,0.08197295851543286
2003-09-30,7,23,2003,0.06601603120532269
2003-10-31,7,23,2003,0.01882704043781934
2003-11-30,7,23,2003,0.06832084482298248
2003-12-31,7,23,2003,0.08773150519493843
2004-01-31,7,24,2004,0.06352303831028726
2004-02-29,7,24,2004,0.11843428835343572
2004-03-31,7,24,2004,0.08582631495732532
2004-04-30,7,24,2004,0.10389981584648407
2004-05-31,7,24,2004,0.008380158811973066
2004-06-30,7,24,2004,0.049987188945789886
2004-07-31,7,24,2004,0.07812524444878333
2004-08-31,7,24,2004,0.0033335272547382116
2004-09-30,7,24,2004,0.04840966213645541
2004-10-31,7,24,2004,0.02516941333473176
2004-11-30,7,24,2004,0.18289483939288184
2004-12-31,7,24,2004,0.012926095501311597
2005-01-31,7,25,2005,0.05748719255124682
2005-02-28,7,25,2005,0.0757613688340369
2005-03-31,7,25,2005,0.12745046869720178
2005-04-30,7,25,2005,-0.03011690000879926
2005-05-31,7,25,2005,-0.018420893416755228
2005-06-30,7,25,2005,0.05270658836313478
2005-07-31,7,25,2005,0.0306900149237408
2005-08-31,7,25,2005,-0.014020464728622617
2005-09-30,7,25,2005,0.06803136605713385
2005-10-31,7,25,2005,0.003153709935435289
2005-11-30,7,25,2005,0.039814015249759985
2005-12-31,7,25,2005,0.05999645751844737
2006-01-31,7,26,2006,0.06733702712932296
2006-02-28,7,26,2006,-0.026678994156203166
2006-03-31,7,26,2006,0.019304824086783745
2006-04-30,7,26,2006,0.059567315197620124
2006-05-31,7,26,2006,0.019002232772099087
2006-06-30,7,26,2006,0.016763675653273243
2006-07-31,7,26,2006,0.005320765501688571
2006-08-31,7,26,2006,0.0005785795249360418
2006-09-30,7,26,2006,0.055737635847599276
2006-10-31,7,26,2006,-0.004043083869047656
2006-11-30,7,26,2006,0.035754464849957805
2006-12-31,7,26,2006,0.08917750030921773
2009-01-31,7,29,2009,0.27048834866228605
2009-02-28,7,29,2009,0.14073050853535252
2009-03-31,7,29,2009,0.11632109564651455
2009-04-30,7,29,2009,0.10947808026490452
2009-05-31,7,29,2009,0.02857804227374039
2009-06-30,7,29,2009,0.196893902708818
2009-07-31,7,29,2009,-0.1626336783278497
2009-08-31,7,29,2009,0.12819748186784646
2009-09-30,7,29,2009,-0.0014309274042482445
2009-10-31,7,29,2009,0.08674014264925808
2009-11-30,7,29,2009,0.05783747880540918
2009-12-31,7,29,2009,0.08840017147265566
2010-01-31,7,30,2010,0.17334901890845839
2010-02-28,7,30,2010,0.04091840291674114
2010-03-31,7,30,2010,0.10062360108861022
2010-04-30,7,30,2010,0.1415059080488989
2010-05-31,7,30,2010,0.010518721395865516
2010-06-30,7,30,2010,0.008958099756103548
2010-07-31,7,30,2010,-0.05188480641524274
2010-08-31,7,30,2010,0.06343306205420725
2010-09-30,7,30,2010,-0.010313751869366035
2010-10-31,7,30,2010,0.045720266884490005
2010-11-30,7,30,2010,-0.03226114568330731
2010-12-31,7,30,2010,0.04394924719691943
2011-01-31,7,31,2011,0.2510405761574173
2011-02-28,7,31,2011,0.05953643603939481
2011-03-31,7,31,2011,0.06723080751015385
2011-04-30,7,31,2011,0.014666307584394973
2011-05-31,7,31,2011,0.06112381407646421
2011-06-30,7,31,2011,0.06709537992178252
2011-07-31,7,31,2011,0.0038616255263402475
2011-08-31,7,31,2011,-0.02660942580672202
2011-09-30,7,31,2011,0.013289333817279236
2011-10-31,7,31,2011,-0.014033887527647945
2011-11-30,7,31,2011,0.06797174933492697
2011-12-31,7,31,2011,-0.028840741384690192
2012-01-31,7,32,2012,0.06817750167889895
2012-02-29,7,32,2012,0.04690119508332561
2012-03-31,7,32,2012,0.03131153030692835
2012-04-30,7,32,2012,0.07027660327388481
2012-05-31,7,32,2012,0.009245449418602128
2012-06-30,7,32,2012,-0.0026112029937713824
2012-07-31,7,32,2012,0.04073432969860713
2012-08-31,7,32,2012,0.003688737032473668
2012-09-30,7,32,2012,0.014569775380627247
2012-10-31,7,32,2012,0.032797719580498694
2012-11-30,7,32,2012,0.025433815983615486
2012-12-31,7,32,2012,0.014154693475419977
2013-01-31,7,33,2013,0.10606606209415106
2013-02-28,7,33,2013,0.017160365916265127
2013-03-31,7,33,2013,-0.009767977792870117
2013-04-30,7,33,2013,-0.019589957988002955
2013-05-31,7,33,2013,0.08337570464358082
2013-06-30,7,33,2013,0.01258405993103437
2013-07-31,7,33,2013,0.0887576335796275
2013-08-31,7,33,2013,0.011596792447912268
2013-09-30,7,33,2013,0.02266704589050953
2013-10-31,7,33,2013,0.08184837649082424
2013-11-30,7,33,2013,0.03758047586022843
2013-12-31,7,33,2013,0.03234645421339379
2014-01-31,7,34,2014,0.028840597813064563
2014-02-28,7,34,2014,0.03685555498391095
2014-03-31,7,34,2014,0.04690903451648978
2014-04-30,7,34,2014,0.011457163500518487
2014-05-31,7,34,2014,0.032403976970735535
2014-06-30,7,34,2014,-0.015244486593914645
2014-07-31,7,34,2014,0.07936032613235375
2014-08-31,7,34,2014,0.00403682196949586
2014-09-30,7,34,2014,0.03478689284464278
2014-10-31,7,34,2014,0.03221717044242351
2014-11-30,7,34,2014,0.04221106001793248
2014-12-31,7,34,2014,0.001361059095267733
2015-01-31,7,35,2015,0.05378960021642128
2015-02-28,7,35,2015,-0.038156841833843394
2015-03-31,7,35,2015,0.021340392110518202
2015-04-30,7,35,2015,-0.047195587807585586
2015-05-31,7,35,2015,0.06404176685804183
2015-06-30,7,35,2015,0.027023199402083902
2015-07-31,7,35,2015,0.04977222944846122
2015-08-31,7,35,2015,0.0009163080364597366
2015-09-30,7,35,2015,0.113745286359789
2015-10-31,7,35,2015,-0.021844232495400066
2015-11-30,7,35,2015,0.03944056766208511
2015-12-31,7,35,2015,-0.023163059274710476
2016-01-31,7,36,2016,0.048321878263798815
2016-02-29,7,36,2016,-0.007820732938892929
2016-03-31,7,36,2016,-0.02432216217722722
2016-04-30,7,36,2016,-0.045448256645572054
2016-05-31,7,36,2016,0.05107582345074542
2016-06-30,7,36,2016,0.04098962161093197
2016-07-31,7,36,2016,0.09409858838907907
2016-08-31,7,36,2016,0.01368262215187845
2016-09-30,7,36,2016,-0.07056586876095873
2016-10-31,7,36,2016,0.0031757551029733674
2016-11-30,7,36,2016,-0.022790683665796608
2016-12-31,7,36,2016,0.042107170947311055
2017-01-31,7,37,2017,0.06445780732307065
2017-02-28,7,37,2017,0.010603156340089851
2017-03-31,7,37,2017,-0.006957667156394773
2017-04-30,7,37,2017,0.016948893191956863
2017-05-31,7,37,2017,0.011998742138722113
2017-06-30,7,37,2017,-0.022298769203618864
2017-07-31,7,37,2017,0.00667165207930044
2017-08-31,7,37,2017,-0.018520131511474514
2017-09-30,7,37,2017,0.004859196330712214
2017-10-31,7,37,2017,0.029000427947148077
2017-11-30,7,37,2017,0.0082673898550474
2017-12-31,7,37,2017,-0.042864571885512896
2018-01-31,7,38,2018,0.06286818322739804
2018-02-28,7,38,2018,-0.04537269522680104
2018-03-31,7,38,2018,0.0013764233381953765
2018-04-30,7,38,2018,-0.022782796756005877
2018-05-31,7,38,2018,0.005049276356159841
2018-06-30,7,38,2018,0.01867301073771751
2018-07-31,7,38,2018,0.018735756958553697
2018-08-31,7,38,2018,0.021870552353362837
2018-09-30,7,38,2018,-0.019718264519342218
2018-10-31,7,38,2018,-0.020395796828690648
2018-11-30,7,38,2018,-0.01923524980178128
2018-12-31,7,38,2018,-0.051472606036674085
2019-01-31,7,39,2019,0.09361356638065113
2019-02-28,7,39,2019,0.025003384602566472
2019-03-31,7,39,2019,0.04055530189693545
2019-04-30,7,39,2019,0.021031805634969508
2019-05-31,7,39,2019,-0.013156281404598324
2019-06-30,7,39,2019,0.01884110393094961
2019-07-31,7,39,2019,0.013294472719093356
2019-08-31,7,39,2019,0.012243470343674933
2019-09-30,7,39,2019,-0.02233299981816337
2019-10-31,7,39,2019,0.03506976580969756
2019-11-30,7,39,2019,-0.05982384915686965
2019-12-31,7,39,2019,-0.04286420329342371
2020-01-31,7,40,2020,0.11631412398991255
2020-02-29,7,40,2020,-0.009247736373359837
2020-03-31,7,40,2020,-0.0559787405206717
2020-04-30,7,40,2020,-0.063085775885549
2020-05-31,7,40,2020,0.0861555398524482
2020-06-30,7,40,2020,0.11974069186401304
2020-07-31,7,40,2020,0.016254016034262783
2020-08-31,7,40,2020,0.07052807999875042
2020-09-30,7,40,2020,-0.01409852069410545
2020-10-31,7,40,2020,0.06179725654352206
2020-11-30,7,40,2020,0.09596221401617114
2020-12-31,7,40,2020,0.03697838812366627
2021-01-31,7,41,2021,0.02916688498098796
2021-02-28,7,41,2021,0.0815638802725228
2021-03-31,7,41,2021,0.14062435578095347
2021-04-30,7,41,2021,0.06738583428414517
2021-05-31,7,41,2021,0.04671346135870087
2021-06-30,7,41,2021,0.0292417704365417
2021-07-31,7,41,2021,0.0753438809778385
2021-08-31,7,41,2021,0.004845000280303617
2021-09-30,7,41,2021,-0.011996022654122265
2021-10-31,7,41,2021,0.07494875340994461
2021-11-30,7,41,2021,0.06265579359657462
2021-12-31,7,41,2021,0.0748648657790888
2022-01-31,7,42,2022,0.01878392389155792
2022-02-28,7,42,2022,0.012290017014671096
2022-03-31,7,42,2022,0.07017149828228829
2022-04-30,7,42,2022,0.015529341647193155
2022-05-31,7,42,2022,-0.018651199353912375
2022-06-30,7,42,2022,0.004698536497274498
2022-07-31,7,42,2022,-0.011217880676514955
2022-08-31,7,42,2022,0.015640118227628872
2022-09-30,7,42,2022,-0.05403438186988991
2022-10-31,7,42,2022,0.038018563017229945
2022-11-30,7,42,2022,0.058564071397244705
2022-12-31,7,42,2022,0.0010614345280226846
2023-01-31,7,43,2023,0.07652293994838998
2023-02-28,7,43,2023,0.01656008492585189
2023-03-31,7,43,2023,0.005038135131014502
2023-04-30,7,43,2023,0.005284087845440578
2023-05-31,7,43,2023,0.008572140440687683
2023-06-30,7,43,2023,0.03842765101345246
2023-07-31,7,43,2023,-0.027971895804642682
2023-08-31,7,43,2023,-0.03394378222133472
2023-09-30,7,43,2023,-0.0428653104053709
2023-10-31,7,43,2023,-0.03359043166481794
2023-11-30,7,43,2023,0.11308924626787054
2023-12-31,7,43,2023,0.035683769329984294
2024-01-31,7,44,2024,0.008303597567209475
2024-02-29,7,44,2024,0.04960050097164907
2024-03-31,7,44,2024,0.05630977871638044
2024-04-30,7,44,2024,-0.024770796397334333
2024-05-31,7,44,2024,0.016513118470813767
2024-06-30,7,44,2024,0.06514663539556312
2024-07-31,7,44,2024,0.029361561176737345
2024-08-31,7,44,2024,0.07937213770506708
2024-09-30,7,44,2024,0.025078451136466118
2024-10-31,7,44,2024,-0.010352308664905576
2024-11-30,7,44,2024,0.046664813682845065
2024-12-31,7,44,2024,0.027161083496360143
1981-01-31,8,1,1981,-0.020495103567938874
1981-02-28,8,1,1981,0.015590741081341022
1981-03-31,8,1,1981,0.025720914487566585
1981-04-30,8,1,1981,0.013726009532882454
1981-05-31,8,1,1981,0.02517494262500912
1981-06-30,8,1,1981,-0.00795735739671267
1981-07-31,8,1,1981,0.018811720377585398
1981-08-31,8,1,1981,0.009628628797321296
1981-09-30,8,1,1981,-0.02726426354679491
1981-10-31,8,1,1981,0.038194378891345436
1981-11-30,8,1,1981,0.024669274488566064
1981-12-31,8,1,1981,5.147870124394159e-05
1982-01-31,8,2,1982,0.005976337283271014
1982-02-28,8,2,1982,0.026749819864915255
1982-03-31,8,2,1982,0.026203635082698965
1982-04-30,8,2,1982,0.0016056408553427096
1982-05-31,8,2,1982,0.011199837704286671
1982-06-30,8,2,1982,0.023067449449049038
1982-07-31,8,2,1982,0.006339290132069428
1982-08-31,8,2,1982,0.027526736617133896
1982-09-30,8,2,1982,0.05619938050315256
1982-10-31,8,2,1982,0.05217369466782801
1982-11-30,8,2,1982,0.03348426017935297
1982-12-31,8,2,1982,0.013748321312814274
1983-01-31,8,3,1983,0.015604261883077522
1983-02-28,8,3,1983,0.055750216865408146
1983-03-31,8,3,1983,0.04602970561354792
1983-04-30,8,3,1983,0.02977398094326821
1983-05-31,8,3,1983,-0.018809922273863987
1983-06-30,8,3,1983,0.025021798166845514
1983-07-31,8,3,1983,0.017794415267572306
1983-08-31,8,3,1983,0.03537961446203626
1983-09-30,8,3,1983,0.04473372958776058
1983-10-31,8,3,1983,0.027204199643922337
1983-11-30,8,3,1983,0.031363181168451944
1983-12-31,8,3,1983,0.05084292262083473
1984-01-31,8,4,1984,0.03673204056509274
1984-02-29,8,4,1984,0.032172549002306976
1984-03-31,8,4,1984,0.028428310975679796
1984-04-30,8,4,1984,0.047671419853617544
1984-05-31,8,4,1984,0.0313841190757322
1984-06-30,8,4,1984,0.03113463631981829
1984-07-31,8,4,1984,0.04853477165157048
1984-08-31,8,4,1984,0.055550827019274086
1984-09-30,8,4,1984,0.031917914599998896
1984-10-31,8,4,1984,0.044257795684819
1984-11-30,8,4,1984,0.04183020043463859
1984-12-31,8,4,1984,0.03400330796065084
1985-01-31,8,5,1985,-0.0039915775261175224
1985-02-28,8,5,1985,0.049094755555866655
1985-03-31,8,5,1985,0.06033790107893585
1985-04-30,8,5,1985,0.031108557639424606
1985-05-31,8,5,1985,0.03290920457586255
1985-06-30,8,5,1985,0.006496727352143829
1985-07-31,8,5,1985,0.03392624940339221
1985-08-31,8,5,1985,0.013283803774795634
1985-09-30,8,5,1985,0.033978772817122464
1985-10-31,8,5,1985,0.03949952698151987
1985-11-30,8,5,1985,0.045996288758455336
1985-12-31,8,5,1985,0.02843553639323068
1986-01-31,8,6,1986,0.014376727043906136
1986-02-28,8,6,1986,0.014896374606139726
1986-03-31,8,6,1986,0.025230156575396706
1986-04-30,8,6,1986,0.03300195199477145
1986-05-31,8,6,1986,0.03233694406787572
1986-06-30,8,6,1986,0.016371232582237476
1986-07-31,8,6,1986,0.0074660923676099274
1986-08-31,8,6,1986,0.052533479750481483
1986-09-30,8,6,1986,0.010839872694469267
1986-10-31,8,6,1986,0.020788727136802843
1986-11-30,8,6,1986,0.034678115869790055
1986-12-31,8,6,1986,0.03365427595424445
1987-01-31,8,7,1987,0.0692375628954768
1987-02-28,8,7,1987,0.014529751075229141
1987-03-31,8,7,1987,-5.70846624387846e-06
1987-04-30,8,7,1987,0.0235392139876879
1987-05-31,8,7,1987,0.023431636962306348
1987-06-30,8,7,1987,0.028903163390542722
1987-07-31,8,7,1987,0.026950345260355134
1987-08-31,8,7,1987,0.03189972007831362
1987-09-30,8,7,1987,0.036268944996893315
1987-10-31,8,7,1987,0.013692169496522053
1987-11-30,8,7,1987,0.05087633666771132
1987-12-31,8,7,1987,0.08897915206598711
1988-01-31,8,8,1988,0.08202167450530792
1988-02-29,8,8,1988,0.0986265464375236
1988-03-31,8,8,1988,0.0506430425590121
1988-04-30,8,8,1988,0.03913350921157151
1988-05-31,8,8,1988,0.06314574770298051
1988-06-30,8,8,1988,0.02103792869103091
1988-07-31,8,8,1988,0.030925379643504388
1988-08-31,8,8,1988,0.0072602997557865544
1988-09-30,8,8,1988,0.06026269971931117
1988-10-31,8,8,1988,0.030175622220732366
1988-11-30,8,8,1988,0.04240539192538635
1988-12-31,8,8,1988,0.05963701829955462
1989-01-31,8,9,1989,0.08229544309088431
1989-02-28,8,9,1989,0.061691538708210356
1989-03-31,8,9,1989,0.04928318627879463
1989-04-30,8,9,1989,0.05539804911155451
1989-05-31,8,9,1989,0.029838843857573388
1989-06-30,8,9,1989,0.05239133985949287
1989-07-31,8,9,1989,0.06768283875674215
1989-08-31,8,9,1989,0.07628088464351278
1989-09-30,8,9,1989,0.034853966328385756
1989-10-31,8,9,1989,0.04935766231464296
1989-11-30,8,9,1989,0.01072725593039444
1989-12-31,8,9,1989,0.0365236947444392
1990-01-31,8,10,1990,0.046771997748540156
1990-02-28,8,10,1990,0.06294942883880617
1990-03-31,8,10,1990,0.04776609605770168
1990-04-30,8,10,1990,0.027572829844124788
1990-05-31,8,10,1990,0.04712139224695818
1990-06-30,8,10,1990,0.03175468065276223
1990-07-31,8,10,1990,0.05508398414142604
1990-08-31,8,10,1990,0.061344227024496614
1990-09-30,8,10,1990,0.04311992039795734
1990-10-31,8,10,1990,0.1237809532622235
1990-11-30,8,10,1990,0.10194294089756227
1990-12-31,8,10,1990,0.1219564256532265
1991-01-31,8,11,1991,0.10597949379778906
1991-02-28,8,11,1991,0.10122552430136716
1991-03-31,8,11,1991,0.05660271549296391
1991-04-30,8,11,1991,0.04781792994121231
1991-05-31,8,11,1991,0.05697176092477239
1991-06-30,8,11,1991,0.04524036958357799
1991-07-31,8,11,1991,0.04973794074420192
1991-08-31,8,11,1991,0.02526906697536517
1991-09-30,8,11,1991,-0.01783542421926433
1991-10-31,8,11,1991,0.018202854077292226
1991-11-30,8,11,1991,0.003304762680769707
1991-12-31,8,11,1991,0.125683694361114
1992-01-31,8,12,1992,0.16192396618034888
1992-02-29,8,12,1992,0.021909432013632105
1992-03-31,8,12,1992,0.04991496244753731
1992-04-30,8,12,1992,0.062262066059672896
1992-05-31,8,12,1992,0.06649308531897177
1992-06-30,8,12,1992,0.05243092247003106
1992-07-31,8,12,1992,0.085748240595276
1992-08-31,8,12,1992,0.10600483079364356
1992-09-30,8,12,1992,0.04008527456954399
1992-10-31,8,12,1992,0.04639817710338346
1992-11-30,8,12,1992,0.07831501604772143
1992-12-31,8,12,1992,0.06526259493922461
1993-01-31,8,13,1993,0.07741513556957617
1993-02-28,8,13,1993,0.07721099083401656
1993-03-31,8,13,1993,0.060536927571640406
1993-04-30,8,13,1993,0.02762716718952924
1993-05-31,8,13,1993,0.04163413990554771
1993-06-30,8,13,1993,0.061132876889035175
1993-07-31,8,13,1993,0.05310192717908769
1993-08-31,8,13,1993,0.017907839651651596
1993-09-30,8,13,1993,-0.02255687444769871
1993-10-31,8,13,1993,0.037440522197927414
1993-11-30,8,13,1993,0.04726057949543126
1993-12-31,8,13,1993,0.08695645435506423
1994-01-31,8,14,1994,0.059674246585847114
1994-02-28,8,14,1994,0.0575281982414919
1994-03-31,8,14,1994,0.03613878263323267
1994-04-30,8,14,1994,0.05830100803087729
1994-05-31,8,14,1994,0.04333555832333956
1994-06-30,8,14,1994,0.016810634319909822
1994-07-31,8,14,1994,0.05116208376023701
1994-08-31,8,14,1994,0.07428918787350786
1994-09-30,8,14,1994,0.045325302170176586
1994-10-31,8,14,1994,0.06239952426020245
1994-11-30,8,14,1994,0.04294554961547452
1994-12-31,8,14,1994,0.05783688301337378
1995-01-31,8,15,1995,0.06531299517454246
1995-02-28,8,15,1995,0.03205531720949975
1995-03-31,8,15,1995,0.0463514711170267
1995-04-30,8,15,1995,0.03929407537133134
1995-05-31,8,15,1995,0.03905909745391447
1995-06-30,8,15,1995,-0.015966271914624304
1995-07-31,8,15,1995,0.018815352799983857
1995-08-31,8,15,1995,0.003002202608954866
1995-09-30,8,15,1995,0.02803426706983268
1995-10-31,8,15,1995,0.07975182062425663
1995-11-30,8,15,1995,0.037193504692169636
1995-12-31,8,15,1995,0.03154206355430793
1996-01-31,8,16,1996,0.07762505078798099
1996-02-29,8,16,1996,0.031618441489769264
1996-03-31,8,16,1996,0.00885350301271085
1996-04-30,8,16,1996,0.01274181047013706
1996-05-31,8,16,1996,-0.023392134037897718
1996-06-30,8,16,1996,0.0866604092526247
1996-07-31,8,16,1996,0.05938167223844942
1996-08-31,8,16,1996,0.039941089066742326
1996-09-30,8,16,1996,0.05872515597173513
1996-10-31,8,16,1996,0.0656478549834168
1996-11-30,8,16,1996,0.05267694228837082
1996-12-31,8,16,1996,0.02133754818395454
1997-01-31,8,17,1997,0.07267223457525018
1997-02-28,8,17,1997,0.03909854819659648
1997-03-31,8,17,1997,0.04088353364825815
1997-04-30,8,17,1997,0.07015587705923777
1997-05-31,8,17,1997,0.043196152073684956
1997-06-30,8,17,1997,0.03572354050945967
1997-07-31,8,17,1997,0.03811870671514541
1997-08-31,8,17,1997,-0.0033883426066083602
1997-09-30,8,17,1997,-0.006236825897701892
1997-10-31,8,17,1997,0.03607630092314293
1997-11-30,8,17,1997,0.036300902253267237
1997-12-31,8,17,1997,0.006733953284716799
1998-01-31,8,18,1998,0.07255855843913309
1998-02-28,8,18,1998,0.04205606541813987
1998-03-31,8,18,1998,0.025846213828314975
1998-04-30,8,18,1998,0.013987472454070513
1998-05-31,8,18,1998,0.036459846621874716
1998-06-30,8,18,1998,0.054558800004469624
1998-07-31,8,18,1998,0.036420258572164944
1998-08-31,8,18,1998,0.06007218962913659
1998-09-30,8,18,1998,0.11046326096250134
1998-10-31,8,18,1998,0.06474647012928285
1998-11-30,8,18,1998,0.032756287944082293
1998-12-31,8,18,1998,0.06466520165654867
1999-01-31,8,19,1999,0.11032894799529205
1999-02-28,8,19,1999,0.03182673098938813
1999-03-31,8,19,1999,0.017857969138978
1999-04-30,8,19,1999,0.045240697180090876
1999-05-31,8,19,1999,0.06884639443943547
1999-06-30,8,19,1999,0.04732477346589449
1999-07-31,8,19,1999,0.04744788625690717
1999-08-31,8,19,1999,0.04388774457001357
1999-09-30,8,19,1999,0.015191950733161241
1999-10-31,8,19,1999,0.07660493046317315
1999-11-30,8,19,1999,0.029782721336671546
1999-12-31,8,19,1999,-0.05145915111421457
2000-01-31,8,20,2000,-0.01431640028133866
2000-02-29,8,20,2000,-0.07702163585894023
2000-03-31,8,20,2000,0.061989921187872096
2000-04-30,8,20,2000,0.07425562534830694
2000-05-31,8,20,2000,0.01974144021620219
2000-06-30,8,20,2000,0.041573379452183576
2000-07-31,8,20,2000,0.03240710397708098
2000-08-31,8,20,2000,0.07140558414618053
2000-09-30,8,20,2000,0.060455994184871874
2000-10-31,8,20,2000,0.06120860406519528
2000-11-30,8,20,2000,0.026181504160391146
2000-12-31,8,20,2000,0.039440637507643685
2001-01-31,8,21,2001,0.2002564356509496
2001-02-28,8,21,2001,0.12322723788517276
2001-03-31,8,21,2001,-0.0010016454850145103
2001-04-30,8,21,2001,0.06947864757037679
2001-05-31,8,21,2001,0.044719509504559836
2001-06-30,8,21,2001,0.06433431166498316
2001-07-31,8,21,2001,0.0011464762943232062
2001-08-31,8,21,2001,0.026329508668329588
2001-09-30,8,21,2001,0.0429462035379141
2001-10-31,8,21,2001,0.07832395623748797
2001-11-30,8,21,2001,-0.010414269970068973
2001-12-31,8,21,2001,0.0034630293443498696
2003-01-31,8,23,2003,0.04645163054654596
2003-02-28,8,23,2003,-0.0021288525589278364
2003-03-31,8,23,2003,-0.011486908874735356
2003-04-30,8,23,2003,-0.0021218449072296763
2003-05-31,8,23,2003,0.021068731930127083
2003-06-30,8,23,2003,-0.0011693605867149764
2003-07-31,8,23,2003,0.010618947868644752
2003-08-31,8,23,2003,0.03593043232185531
2003-09-30,8,23,2003,0.02259638579760606
2003-10-31,8,23,2003,0.0153334529509337
2003-11-30,8,23,2003,0.02123278676263778
2003-12-31,8,23,2003,0.005114950593070103
2004-01-31,8,24,2004,0.0543450779288177
2004-02-29,8,24,2004,0.0027980895203448017
2004-03-31,8,24,2004,0.005140578100124072
2004-04-30,8,24,2004,0.012716804780467158
2004-05-31,8,24,2004,0.021307635524833283
2004-06-30,8,24,2004,0.0024164550179643445
2004-07-31,8,24,2004,0.008447824759574682
2004-08-31,8,24,2004,0.014428110659501886
2004-09-30,8,24,2004,0.030218618341222702
2004-10-31,8,24,2004,0.022530032831014107
2004-11-30,8,24,2004,0.0461376444281978
2004-12-31,8,24,2004,0.014516426012403267
2005-01-31,8,25,2005,0.03801326693521438
2005-02-28,8,25,2005,0.018643341727868603
2005-03-31,8,25,2005,0.0175139735534477
2005-04-30,8,25,2005,0.01631506740361251
2005-05-31,8,25,2005,0.039302401460428876
2005-06-30,8,25,2005,0.021364787558525982
2005-07-31,8,25,2005,0.0014493439509619256
2005-08-31,8,25,2005,0.021547239178847127
2005-09-30,8,25,2005,0.024692149144589857
2005-10-31,8,25,2005,0.009981843743080946
2005-11-30,8,25,2005,0.046055966103285224
2005-12-31,8,25,2005,0.01795050562423864
2006-01-31,8,26,2006,0.034402780036351936
2006-02-28,8,26,2006,-0.004643620385194786
2006-03-31,8,26,2006,0.017663583074818683
2006-04-30,8,26,2006,0.00429263494145817
2006-05-31,8,26,2006,-0.009279967872544145
2006-06-30,8,26,2006,0.010806934623497619
2006-07-31,8,26,2006,0.00582126681216567
2006-08-31,8,26,2006,0.019672957716483534
2006-09-30,8,26,2006,0.04302902316480463
2006-10-31,8,26,2006,0.018270014114436364
2006-11-30,8,26,2006,0.005199678389856895
2006-12-31,8,26,2006,0.01913019815692141
2007-01-31,8,27,2007,0.03404657052363601
2007-02-28,8,27,2007,0.021409368919002695
2007-03-31,8,27,2007,0.014585412167556999
2007-04-30,8,27,2007,0.017616616100299704
2007-05-31,8,27,2007,0.007354592068781534
2007-06-30,8,27,2007,0.02233983465896316
2007-07-31,8,27,2007,0.003320351473810634
2007-08-31,8,27,2007,0.02430332488214904
2007-09-30,8,27,2007,0.008369910943039256
2007-10-31,8,27,2007,0.014430295061223274
2007-11-30,8,27,2007,-0.010611759809765337
2007-12-31,8,27,2007,-0.022916537571753014
2008-01-31,8,28,2008,0.030082652968804992
2008-02-29,8,28,2008,0.042440861427120544
2008-03-31,8,28,2008,0.02117386131760845
2008-04-30,8,28,2008,0.03270656179234439
2008-05-31,8,28,2008,0.007093654143795525
2008-06-30,8,28,2008,0.0066251257983833845
2008-07-31,8,28,2008,0.025263008335715723
2008-08-31,8,28,2008,-0.0009820592894998691
2008-09-30,8,28,2008,-0.03753337871989853
2008-10-31,8,28,2008,0.028982369460880723
2008-11-30,8,28,2008,0.016566448570881936
2008-12-31,8,28,2008,0.11577420716751026
2009-01-31,8,29,2009,0.12634845274488865
2009-02-28,8,29,2009,0.06649526324223189
2009-03-31,8,29,2009,0.05733161568053998
2009-04-30,8,29,2009,-0.11465385176838756
2009-05-31,8,29,2009,0.06127068229237521
2009-06-30,8,29,2009,0.05075020967731607
2009-07-31,8,29,2009,-0.028212880330927472
2009-08-31,8,29,2009,-0.07096412906324945
2009-09-30,8,29,2009,-0.0165987531257644
2009-10-31,8,29,2009,0.056093640465890784
2009-11-30,8,29,2009,0.052471366979521844
2009-12-31,8,29,2009,0.024134271304012304
2010-01-31,8,30,2010,0.018234443903359755
2010-02-28,8,30,2010,0.0005093200524209752
2010-03-31,8,30,2010,-0.01473247555671791
2010-04-30,8,30,2010,-0.0382073070282853
2010-05-31,8,30,2010,0.014570334509065601
2010-06-30,8,30,2010,0.005569235010178255
2010-07-31,8,30,2010,0.026180465523841026
2010-08-31,8,30,2010,0.030892711889213612
2010-09-30,8,30,2010,0.06440570199282626
2010-10-31,8,30,2010,0.029876955545761665
2010-11-30,8,30,2010,-0.0013411625465523753
2010-12-31,8,30,2010,-0.017576633138274473
2011-01-31,8,31,2011,0.09676696081617385
2011-02-28,8,31,2011,0.03409814316987805
2011-03-31,8,31,2011,0.022229243656197658
2011-04-30,8,31,2011,-0.016690489412828337
2011-05-31,8,31,2011,0.009155550101875921
2011-06-30,8,31,2011,0.012320342601591585
2011-07-31,8,31,2011,0.05134117494333431
2011-08-31,8,31,2011,0.02372068723603552
2011-09-30,8,31,2011,0.027831116206639438
2011-10-31,8,31,2011,0.016859269621546734
2011-11-30,8,31,2011,0.023064761258441292
2011-12-31,8,31,2011,-0.015313396374316116
2012-01-31,8,32,2012,0.06782584340421748
2012-02-29,8,32,2012,0.037935638242564455
2012-03-31,8,32,2012,0.006922372171192435
2012-04-30,8,32,2012,0.022143314497532846
2012-05-31,8,32,2012,0.0007941738976605175
2012-06-30,8,32,2012,-0.008933050668282363
2012-07-31,8,32,2012,0.026836332576614184
2012-08-31,8,32,2012,-0.016873394833149428
2012-09-30,8,32,2012,0.009543175826714854
2012-10-31,8,32,2012,0.04607019323816435
2012-11-30,8,32,2012,0.0032200470014945343
2012-12-31,8,32,2012,0.0010387896856968357
2013-01-31,8,33,2013,0.08411572789504726
2013-02-28,8,33,2013,0.05888299567050575
2013-03-31,8,33,2013,-0.0017687010864458187
2013-04-30,8,33,2013,0.026939136975478742
2013-05-31,8,33,2013,0.0517622165932456
2013-06-30,8,33,2013,-0.0024346825562036782
2013-07-31,8,33,2013,0.04894257987816372
2013-08-31,8,33,2013,0.022331344712069434
2013-09-30,8,33,2013,-0.0022248602169768258
2013-10-31,8,33,2013,0.04389827120619408
2013-11-30,8,33,2013,0.007408857608742528
2013-12-31,8,33,2013,-0.029842287014386126
2014-01-31,8,34,2014,0.04416470965793988
2014-02-28,8,34,2014,0.010475066353036305
2014-03-31,8,34,2014,0.03868083027084859
2014-04-30,8,34,2014,0.04698718906904096
2014-05-31,8,34,2014,-0.0013547571800232986
2014-06-30,8,34,2014,-0.001592055191065657
2014-07-31,8,34,2014,0.027097284246998546
2014-08-31,8,34,2014,0.012451330700167114
2014-09-30,8,34,2014,0.026916320981070146
2014-10-31,8,34,2014,0.029724005585479985
2014-11-30,8,34,2014,0.03746491363197091
2014-12-31,8,34,2014,-0.007388381797448433
2015-01-31,8,35,2015,0.042037349437224536
2015-02-28,8,35,2015,-0.010335540915886192
2015-03-31,8,35,2015,0.0018575166032896446
2015-04-30,8,35,2015,0.00017909876347676048
2015-05-31,8,35,2015,0.017962219497032028
2015-06-30,8,35,2015,-0.0057885028555111195
2015-07-31,8,35,2015,0.039875321475565724
2015-08-31,8,35,2015,-0.004475541354993873
2015-09-30,8,35,2015,0.02638449632283696
2015-10-31,8,35,2015,0.029325709734724224
2015-11-30,8,35,2015,0.04127709256270321
2015-12-31,8,35,2015,0.021630412570348402
2016-01-31,8,36,2016,-0.009100440668409558
2016-02-29,8,36,2016,0.016115723740231163
2016-03-31,8,36,2016,-0.019698825338725204
2016-04-30,8,36,2016,-0.023422097354628524
2016-05-31,8,36,2016,0.08383946492721765
2016-06-30,8,36,2016,0.027121920860545615
2016-07-31,8,36,2016,0.0618119264188523
2016-08-31,8,36,2016,0.0010861726064475337
2016-09-30,8,36,2016,0.004719840871617796
2016-10-31,8,36,2016,0.014422386496350768
2016-11-30,8,36,2016,0.007462204907988083
2016-12-31,8,36,2016,0.017819045099730393
2017-01-31,8,37,2017,0.03539424364768659
2017-02-28,8,37,2017,0.001352411752225309
2017-03-31,8,37,2017,0.013849001981520273
2017-04-30,8,37,2017,0.010611687530492662
2017-05-31,8,37,2017,0.030168823556005725
2017-06-30,8,37,2017,0.03928654776276983
2017-07-31,8,37,2017,0.02390342131616185
2017-08-31,8,37,2017,0.0036878254622237884
2017-09-30,8,37,2017,-0.019637579222281258
2017-10-31,8,37,2017,0.040918270331929685
2017-11-30,8,37,2017,-0.01953541276673927
2017-12-31,8,37,2017,-0.02902402796452757
2018-01-31,8,38,2018,0.04970109947928624
2018-02-28,8,38,2018,-0.027142214415231618
2018-03-31,8,38,2018,-0.0045792306199438715
2018-04-30,8,38,2018,-0.02403918710952054
2018-05-31,8,38,2018,0.027575878959700886
2018-06-30,8,38,2018,0.028404939130809347
2018-07-31,8,38,2018,0.043400808858569714
2018-08-31,8,38,2018,0.009828307284608262
2018-09-30,8,38,2018,-0.035111760028474236
2018-10-31,8,38,2018,-0.034785202379095895
2018-11-30,8,38,2018,0.025630387537475895
2018-12-31,8,38,2018,-0.031486617466097544
2019-01-31,8,39,2019,0.0666481706484854
2019-02-28,8,39,2019,0.01849759242458362
2019-03-31,8,39,2019,0.01524047105297361
2019-04-30,8,39,2019,0.013740697405704525
2019-05-31,8,39,2019,-0.025501952031754337
2019-06-30,8,39,2019,0.027007544750809215
2019-07-31,8,39,2019,0.021184927848213582
2019-08-31,8,39,2019,0.037690548818256085
2019-09-30,8,39,2019,0.020605375093480552
2019-10-31,8,39,2019,0.04646640600985734
2019-11-30,8,39,2019,0.0064183449152945375
2019-12-31,8,39,2019,0.03362760936766383
2020-01-31,8,40,2020,-0.006011738444300742
2020-02-29,8,40,2020,-0.015871495001895303
2020-03-31,8,40,2020,-0.06267809951610823
2020-04-30,8,40,2020,0.058702469044549704
2020-05-31,8,40,2020,-0.0696868940155611
2020-06-30,8,40,2020,-0.020647532516140977
2020-07-31,8,40,2020,-0.09387962111466085
2020-08-31,8,40,2020,0.07077887611566651
2020-09-30,8,40,2020,0.01975397641528023
2020-10-31,8,40,2020,0.04464151735293128
2020-11-30,8,40,2020,0.009505957516449446
2020-12-31,8,40,2020,-0.005748708785672577
2021-01-31,8,41,2021,-0.00029046534296082484
2021-02-28,8,41,2021,0.04531888051012528
2021-03-31,8,41,2021,0.10548897937845145
2021-04-30,8,41,2021,0.06420086436983845
2021-05-31,8,41,2021,-0.007427400132907
2021-06-30,8,41,2021,0.034885735210639084
2021-07-31,8,41,2021,0.06526449283307402
2021-08-31,8,41,2021,0.00811463962216904
2021-09-30,8,41,2021,-0.01946339885058814
2021-10-31,8,41,2021,0.050736867228620364
2021-11-30,8,41,2021,0.10552948067266921
2021-12-31,8,41,2021,0.08351201854414983
2023-01-31,8,43,2023,0.0500756828329981
2023-02-28,8,43,2023,0.030060997245799744
2023-03-31,8,43,2023,0.04039246374126676
2023-04-30,8,43,2023,0.04480739217832532
2023-05-31,8,43,2023,0.013857522819424704
2023-06-30,8,43,2023,0.058238686174061215
2023-07-31,8,43,2023,-0.01119476834882364
2023-08-31,8,43,2023,-0.04223573569365831
2023-09-30,8,43,2023,-0.02409359419895361
2023-10-31,8,43,2023,0.002876998288549689
2023-11-30,8,43,2023,0.12709954970426732
2023-12-31,8,43,2023,0.03207371210718152
2024-01-31,8,44,2024,0.04116969543652839
2024-02-29,8,44,2024,0.08568546962336018
2024-03-31,8,44,2024,0.05421941803723921
2024-04-30,8,44,2024,0.020176669730344148
2024-05-31,8,44,2024,-0.04768348433245872
2024-06-30,8,44,2024,0.08308344275932324
2024-07-31,8,44,2024,0.0733285646930536
2024-08-31,8,44,2024,0.055175933240762934
2024-09-30,8,44,2024,0.07476052666403184
2024-10-31,8,44,2024,0.0005485028749618051
2024-11-30,8,44,2024,0.09734991019893713
2024-12-31,8,44,2024,-0.025687306935986535
1981-01-31,9,1,1981,-0.021311241940478023
1981-02-28,9,1,1981,-0.01207296626349544
1981-03-31,9,1,1981,-4.791544288115031e-05
1981-04-30,9,1,1981,0.014962457060848321
1981-05-31,9,1,1981,0.03139319207883507
1981-06-30,9,1,1981,0.008519161388959787
1981-07-31,9,1,1981,-0.03589279702829943
1981-08-31,9,1,1981,-0.015793541367423766
1981-09-30,9,1,1981,0.0017769755908367071
1981-10-31,9,1,1981,-0.015562634331854324
1981-11-30,9,1,1981,0.05774109359354291
1981-12-31,9,1,1981,0.014382560228072893
1982-01-31,9,2,1982,-0.01270385497221754
1982-02-28,9,2,1982,0.0928570535166399
1982-03-31,9,2,1982,0.028758448803780055
1982-04-30,9,2,1982,0.07899791859005545
1982-05-31,9,2,1982,0.025073553071307878
1982-06-30,9,2,1982,0.10442532167737649
1982-07-31,9,2,1982,0.05741529711492456
1982-08-31,9,2,1982,0.059891897182279635
1982-09-30,9,2,1982,0.16132284484229276
1982-10-31,9,2,1982,0.05848364529817282
1982-11-30,9,2,1982,0.21180494281903534
1982-12-31,9,2,1982,0.06600520593303476
1984-01-31,9,4,1984,0.026092546333473375
1984-02-29,9,4,1984,0.01497989433765756
1984-03-31,9,4,1984,0.03608291156979555
1984-04-30,9,4,1984,0.03387308754085353
1984-05-31,9,4,1984,0.046964376481144786
1984-06-30,9,4,1984,0.01526315774985539
1984-07-31,9,4,1984,0.009494013159505345
1984-08-31,9,4,1984,0.02146550823539029
1984-09-30,9,4,1984,0.03974758908514281
1984-10-31,9,4,1984,0.0196869500663256
1984-11-30,9,4,1984,0.050315714957461004
1984-12-31,9,4,1984,0.008754807340582524
1985-01-31,9,5,1985,-0.059478750377278844
1985-02-28,9,5,1985,0.05808271166222463
1985-03-31,9,5,1985,0.05855921262279001
1985-04-30,9,5,1985,0.04491009761166076
1985-05-31,9,5,1985,0.03510800538876476
1985-06-30,9,5,1985,0.03478943298247948
1985-07-31,9,5,1985,0.013485142976552929
1985-08-31,9,5,1985,0.035317170327142794
1985-09-30,9,5,1985,0.016642357270981706
1985-10-31,9,5,1985,0.030355359842073958
1985-11-30,9,5,1985,0.03119651244140639
1985-12-31,9,5,1985,0.014017341896072543
1986-01-31,9,6,1986,0.037129053470732615
1986-02-28,9,6,1986,0.06154148262555856
1986-03-31,9,6,1986,0.0459979821334616
1986-04-30,9,6,1986,0.02419255971620031
1986-05-31,9,6,1986,0.04718339489910691
1986-06-30,9,6,1986,0.04269652387593964
1986-07-31,9,6,1986,0.012949649315110142
1986-08-31,9,6,1986,0.042110636965238174
1986-09-30,9,6,1986,-0.020216498945166042
1986-10-31,9,6,1986,0.022904815701164895
1986-11-30,9,6,1986,0.02046663244682944
1986-12-31,9,6,1986,0.0228874093145409
1987-01-31,9,7,1987,0.10294280174858549
1987-02-28,9,7,1987,0.038464723251800816
1987-03-31,9,7,1987,0.05014073692267601
1987-04-30,9,7,1987,0.03927170886385304
1987-05-31,9,7,1987,0.02317308217409436
1987-06-30,9,7,1987,0.04132271040057349
1987-07-31,9,7,1987,0.07056890964482489
1987-08-31,9,7,1987,0.05960223569276379
1987-09-30,9,7,1987,0.00834670969554039
1987-10-31,9,7,1987,-0.07495776355214664
1987-11-30,9,7,1987,0.03129911844518909
1987-12-31,9,7,1987,0.05416590052797279
1988-01-31,9,8,1988,-0.03769734147395361
1988-02-29,9,8,1988,0.03029534821747982
1988-03-31,9,8,1988,0.018847470767175138
1988-04-30,9,8,1988,0.028325330868991277
1988-05-31,9,8,1988,0.04172868855592813
1988-06-30,9,8,1988,0.02271337941775582
1988-07-31,9,8,1988,0.0381940081594112
1988-08-31,9,8,1988,0.027741879291178252
1988-09-30,9,8,1988,0.0319499148464241
1988-10-31,9,8,1988,0.01199768816770214
1988-11-30,9,8,1988,0.025762357052631073
1988-12-31,9,8,1988,0.0357343821116127
1989-01-31,9,9,1989,0.08293368911282017
1989-02-28,9,9,1989,0.0006301905388165491
1989-03-31,9,9,1989,0.05795287403656045
1989-04-30,9,9,1989,0.022203099257974934
1989-05-31,9,9,1989,0.04247505649739862
1989-06-30,9,9,1989,0.05736619333764455
1989-07-31,9,9,1989,0.036897603957347425
1989-08-31,9,9,1989,0.022730517533649415
1989-09-30,9,9,1989,0.04769776119736014
1989-10-31,9,9,1989,0.05637613958725794
1989-11-30,9,9,1989,-0.004604288561057448
1989-12-31,9,9,1989,0.0515041303586335
1990-01-31,9,10,1990,0.021821139387297503
1990-02-28,9,10,1990,0.06705455627952953
1990-03-31,9,10,1990,0.04768337567553009
1990-04-30,9,10,1990,0.026216042507498122
1990-05-31,9,10,1990,0.047662055681925164
1990-06-30,9,10,1990,0.04725077802483449
1990-07-31,9,10,1990,0.04662980637044527
1990-08-31,9,10,1990,0.005429427951672568
1990-09-30,9,10,1990,0.04604027062881748
1990-10-31,9,10,1990,0.04621958636228924
1990-11-30,9,10,1990,0.010328208354200355
1990-12-31,9,10,1990,0.08795900108986447
1991-01-31,9,11,1991,0.006064971348673837
1991-02-28,9,11,1991,0.002368820146269062
1991-03-31,9,11,1991,0.04533720927630168
1991-04-30,9,11,1991,0.037681907499798876
1991-05-31,9,11,1991,0.05510850210274048
1991-06-30,9,11,1991,0.04262033848546837
1991-07-31,9,11,1991,0.041424318407448174
1991-08-31,9,11,1991,0.03131201294659211
1991-09-30,9,11,1991,0.029590574826529662
1991-10-31,9,11,1991,0.029611437155739558
1991-11-30,9,11,1991,-0.027597576637178486
1991-12-31,9,11,1991,0.06374193155931712
1992-01-31,9,12,1992,0.09627578980246024
1992-02-29,9,12,1992,0.15350850566462118
1992-03-31,9,12,1992,0.05229237198821154
1992-04-30,9,12,1992,0.07777774120367845
1992-05-31,9,12,1992,0.03943779930800077
1992-06-30,9,12,1992,0.06901766836266277
1992-07-31,9,12,1992,0.022808463812322897
1992-08-31,9,12,1992,0.0511143426950508
1992-09-30,9,12,1992,0.06783251487776476
1992-10-31,9,12,1992,0.04735270917890617
1992-11-30,9,12,1992,-0.027075414166269563
1992-12-31,9,12,1992,0.08149251411052277
1993-01-31,9,13,1993,0.21129222517239593
1993-02-28,9,13,1993,0.15169437594016552
1993-03-31,9,13,1993,0.10588062423242986
1993-04-30,9,13,1993,0.08033675241618263
1993-05-31,9,13,1993,-0.02187361702415882
1993-06-30,9,13,1993,0.13171784826676328
1993-07-31,9,13,1993,0.07283545131417625
1993-08-31,9,13,1993,0.040209945568173686
1993-09-30,9,13,1993,0.055232094618406224
1993-10-31,9,13,1993,0.0034170054608138635
1993-11-30,9,13,1993,0.05636913567193341
1993-12-31,9,13,1993,0.043348533518948976
1994-01-31,9,14,1994,0.047389434468352164
1994-02-28,9,14,1994,0.07011319480096499
1994-03-31,9,14,1994,0.03797160503969074
1994-04-30,9,14,1994,0.0536516862138458
1994-05-31,9,14,1994,0.044430855426361264
1994-06-30,9,14,1994,0.031704153752443044
1994-07-31,9,14,1994,0.02365903906436206
1994-08-31,9,14,1994,0.04073968030718675
1994-09-30,9,14,1994,0.02203943780527263
1994-10-31,9,14,1994,0.044284957674458864
1994-11-30,9,14,1994,0.01074251232327617
1994-12-31,9,14,1994,0.07107434898820912
1995-01-31,9,15,1995,0.025121994666866248
1995-02-28,9,15,1995,0.02182233413831159
1995-03-31,9,15,1995,0.048744401778662697
1995-04-30,9,15,1995,0.03905214398152625
1995-05-31,9,15,1995,0.02029826934785362
1995-06-30,9,15,1995,0.0017469035068037628
1995-07-31,9,15,1995,0.03821361381597753
1995-08-31,9,15,1995,-0.01612767389939019
1995-09-30,9,15,1995,0.050334635539556076
1995-10-31,9,15,1995,0.07358087066157802
1995-11-30,9,15,1995,0.01734504768610554
1995-12-31,9,15,1995,0.01867792135301305
1996-01-31,9,16,1996,0.03572491444853878
1996-02-29,9,16,1996,0.053243852404008675
1996-03-31,9,16,1996,0.02755393643014766
1996-04-30,9,16,1996,0.01871174762739248
1996-05-31,9,16,1996,0.04928333197246357
1996-06-30,9,16,1996,0.10190745563154525
1996-07-31,9,16,1996,0.03973381965564103
1996-08-31,9,16,1996,0.016126715103521354
1996-09-30,9,16,1996,0.03935843399950333
1996-10-31,9,16,1996,0.0693702976050264
1996-11-30,9,16,1996,0.022438526572658452
1996-12-31,9,16,1996,0.026554395132565148
1998-01-31,9,18,1998,0.033539392956484185
1998-02-28,9,18,1998,0.021167683467102495
1998-03-31,9,18,1998,0.026059610971851853
1998-04-30,9,18,1998,0.031562318693743915
1998-05-31,9,18,1998,0.022782768440589077
1998-06-30,9,18,1998,0.0391692049888094
1998-07-31,9,18,1998,0.061203527425304584
1998-08-31,9,18,1998,0.014798813696150069
1998-09-30,9,18,1998,0.01090639694985851
1998-10-31,9,18,1998,-0.021904395121729755
1998-11-30,9,18,1998,0.043425619625882386
1998-12-31,9,18,1998,0.0698920259393823
1999-01-31,9,19,1999,0.057763042787973215
1999-02-28,9,19,1999,0.07612943374539935
1999-03-31,9,19,1999,0.0017506429335614189
1999-04-30,9,19,1999,0.02854138106772644
1999-05-31,9,19,1999,0.06186107793812835
1999-06-30,9,19,1999,0.05339046220921427
1999-07-31,9,19,1999,0.061478731639136815
1999-08-31,9,19,1999,0.023673268130972806
1999-09-30,9,19,1999,0.028008447454339495
1999-10-31,9,19,1999,0.05160639176562987
1999-11-30,9,19,1999,0.08944689769296642
1999-12-31,9,19,1999,0.014143340434256933
2000-01-31,9,20,2000,0.2265697996651595
2000-02-29,9,20,2000,0.32785062573423895
2000-03-31,9,20,2000,0.09884065418742156
2000-04-30,9,20,2000,0.015272018225272774
2000-05-31,9,20,2000,0.03916008787163371
2000-06-30,9,20,2000,0.1497979422479687
2000-07-31,9,20,2000,-0.0010983510675873559
2000-08-31,9,20,2000,0.13037159445646915
2000-09-30,9,20,2000,0.08821405116458218
2000-10-31,9,20,2000,0.02059983729482339
2000-11-30,9,20,2000,0.07688261977595931
2000-12-31,9,20,2000,0.056941556290622294
2001-01-31,9,21,2001,-0.12724435652172778
2001-02-28,9,21,2001,0.2780328897483051
2001-03-31,9,21,2001,0.29847452367093713
2001-04-30,9,21,2001,-0.053311686167412636
2001-05-31,9,21,2001,0.09499340532182826
2001-06-30,9,21,2001,0.1135334421233701
2001-07-31,9,21,2001,0.1522964919732653
2001-08-31,9,21,2001,0.13349803840725052
2001-09-30,9,21,2001,0.18524997496748957
2001-10-31,9,21,2001,-0.194498006207174
2001-11-30,9,21,2001,-0.25379177161643224
2001-12-31,9,21,2001,-0.13859299510294737
2002-01-31,9,22,2002,0.0863032772106679
2002-02-28,9,22,2002,0.03525474469194314
2002-03-31,9,22,2002,0.04261004319759876
2002-04-30,9,22,2002,0.08776951829381388
2002-05-31,9,22,2002,0.07560669161713876
2002-06-30,9,22,2002,0.031372180591451033
2002-07-31,9,22,2002,-0.010225718739542084
2002-08-31,9,22,2002,0.04993589814530677
2002-09-30,9,22,2002,0.018890851100176402
2002-10-31,9,22,2002,0.023602217831989604
2002-11-30,9,22,2002,-0.029832733127604184
2002-12-31,9,22,2002,0.05108339106670254
2004-01-31,9,24,2004,0.032626725287533694
2004-02-29,9,24,2004,0.015349234727441057
2004-03-31,9,24,2004,0.027109260423154785
2004-04-30,9,24,2004,-0.0010711342986484827
2004-05-31,9,24,2004,0.022804752922322896
2004-06-30,9,24,2004,0.011380278638045117
2004-07-31,9,24,2004,0.021769212392652993
2004-08-31,9,24,2004,0.006460289967038573
2004-09-30,9,24,2004,0.012131936440593127
2004-10-31,9,24,2004,0.03479406230768798
2004-11-30,9,24,2004,0.0745660388256501
2004-12-31,9,24,2004,0.020288169390895273
2005-01-31,9,25,2005,0.024148383245816286
2005-02-28,9,25,2005,0.06253831711319557
2005-03-31,9,25,2005,0.15645742092902812
2005-04-30,9,25,2005,-0.019413014778144097
2005-05-31,9,25,2005,-0.003811828875414647
2005-06-30,9,25,2005,0.10772826775030617
2005-07-31,9,25,2005,-0.01034923678406026
2005-08-31,9,25,2005,0.00946186480784034
2005-09-30,9,25,2005,0.03354851161839618
2005-10-31,9,25,2005,-0.051630774103959776
2005-11-30,9,25,2005,0.05142555966112188
2005-12-31,9,25,2005,0.016955109759642213
2006-01-31,9,26,2006,0.0043683578005935374
2006-02-28,9,26,2006,-0.021076509833492685
2006-03-31,9,26,2006,0.02619472675446728
2006-04-30,9,26,2006,0.04094446069350368
2006-05-31,9,26,2006,0.00504071255214192
2006-06-30,9,26,2006,0.019304720149166423
2006-07-31,9,26,2006,0.027881378552704623
2006-08-31,9,26,2006,-0.003137559321804098
2006-09-30,9,26,2006,0.042503502147364605
2006-10-31,9,26,2006,-0.0007779230466815972
2006-11-30,9,26,2006,0.02660294278731758
2006-12-31,9,26,2006,0.028805303894665284
2007-01-31,9,27,2007,0.03885567042059494
2007-02-28,9,27,2007,0.022586670967865333
2007-03-31,9,27,2007,0.007887108748613854
2007-04-30,9,27,2007,0.009781749043113035
2007-05-31,9,27,2007,0.016357890049846606
2007-06-30,9,27,2007,0.05247634783170041
2007-07-31,9,27,2007,0.04020329277680704
2007-08-31,9,27,2007,-0.02059402846431832
2007-09-30,9,27,2007,0.002625051942870058
2007-10-31,9,27,2007,0.025900799183373888
2007-11-30,9,27,2007,-0.017685842222913434
2007-12-31,9,27,2007,-0.02982807089359009
2008-01-31,9,28,2008,0.008176148664228007
2008-02-29,9,28,2008,0.050775593004808106
2008-03-31,9,28,2008,0.011247618338177862
2008-04-30,9,28,2008,0.008224085224639313
2008-05-31,9,28,2008,0.029758774434217584
2008-06-30,9,28,2008,0.026350820791591373
2008-07-31,9,28,2008,-0.04984826266036802
2008-08-31,9,28,2008,0.005373601383525074
2008-09-30,9,28,2008,-0.05104991886607912
2008-10-31,9,28,2008,0.024081738581993816
2008-11-30,9,28,2008,0.020090047782615802
2008-12-31,9,28,2008,0.009875892058315789
2009-01-31,9,29,2009,0.2014249193644519
2009-02-28,9,29,2009,0.0551798552543279
2009-03-31,9,29,2009,0.1276941637057845
2009-04-30,9,29,2009,0.12404074622881864
2009-05-31,9,29,2009,0.09412064313749897
2009-06-30,9,29,2009,0.2080677260769924
2009-07-31,9,29,2009,-0.12269648938557175
2009-08-31,9,29,2009,0.20412162832527703
2009-09-30,9,29,2009,0.03184644717932595
2009-10-31,9,29,2009,0.005029479255962827
2009-11-30,9,29,2009,0.1218873083399247
2009-12-31,9,29,2009,0.01631301307836478
2010-01-31,9,30,2010,0.03671959267472545
2010-02-28,9,30,2010,0.023740208571926533
2010-03-31,9,30,2010,0.06631276959603748
2010-04-30,9,30,2010,0.015609607310136426
2010-05-31,9,30,2010,0.03198709784063195
2010-06-30,9,30,2010,-0.007541015947491843
2010-07-31,9,30,2010,0.0068483427495320505
2010-08-31,9,30,2010,0.033455059952669036
2010-09-30,9,30,2010,0.02427362121240615
2010-10-31,9,30,2010,0.028317571509118348
2010-11-30,9,30,2010,0.005092063616566524
2010-12-31,9,30,2010,-0.01615298385217852
2011-01-31,9,31,2011,0.10006326579677775
2011-02-28,9,31,2011,0.03802046468655269
2011-03-31,9,31,2011,-0.00013452416695469555
2011-04-30,9,31,2011,-0.02448501052414861
2011-05-31,9,31,2011,0.026246321760448662
2011-06-30,9,31,2011,0.042072785429486635
2011-07-31,9,31,2011,0.03222969851797467
2011-08-31,9,31,2011,0.003820684897183052
2011-09-30,9,31,2011,-0.003071971489887815
2011-10-31,9,31,2011,0.03052438586935306
2011-11-30,9,31,2011,-0.001683395316080529
2011-12-31,9,31,2011,0.0059064433315958705
2012-01-31,9,32,2012,0.06794637458183521
2012-02-29,9,32,2012,0.04024106339546734
2012-03-31,9,32,2012,0.024213814991369785
2012-04-30,9,32,2012,0.03259532733200716
2012-05-31,9,32,2012,-0.01716856263843279
2012-06-30,9,32,2012,-0.04067787662323382
2012-07-31,9,32,2012,0.02694958750662774
2012-08-31,9,32,2012,-0.00951955440014752
2012-09-30,9,32,2012,-0.007344604751715227
2012-10-31,9,32,2012,0.05683832084009622
2012-11-30,9,32,2012,0.024398602779393236
2012-12-31,9,32,2012,-0.0025910085376083065
2013-01-31,9,33,2013,0.04823278883866667
2013-02-28,9,33,2013,0.0230310624831286
2013-03-31,9,33,2013,-0.014613690119531663
2013-04-30,9,33,2013,0.00206095515308066
2013-05-31,9,33,2013,0.05303110788516855
2013-06-30,9,33,2013,-0.007428172867125696
2013-07-31,9,33,2013,0.024061293578970105
2013-08-31,9,33,2013,0.03887421399250365
2013-09-30,9,33,2013,-0.012908950328074913
2013-10-31,9,33,2013,0.06652766433814014
2013-11-30,9,33,2013,-0.006313310043814715
2013-12-31,9,33,2013,0.0019097127127285715
2014-01-31,9,34,2014,0.020957359061796303
2014-02-28,9,34,2014,0.02596667980136519
2014-03-31,9,34,2014,0.07660927545284368
2014-04-30,9,34,2014,0.010084042378056593
2014-05-31,9,34,2014,0.0027176740417022747
2014-06-30,9,34,2014,-0.029289067790083674
2014-07-31,9,34,2014,0.04101282668309561
2014-08-31,9,34,2014,-0.0016785770827070139
2014-09-30,9,34,2014,0.03540919083906478
2014-10-31,9,34,2014,-0.02562673373175986
2014-11-30,9,34,2014,0.0035247717110015453
2014-12-31,9,34,2014,-0.03808336029896345
2015-01-31,9,35,2015,0.011352948942921716
2015-02-28,9,35,2015,-0.005548187739315653
2015-03-31,9,35,2015,-0.001983698607626782
2015-04-30,9,35,2015,0.050017237939318844
2015-05-31,9,35,2015,0.048298018403384324
2015-06-30,9,35,2015,0.015528589667460832
2015-07-31,9,35,2015,0.03912628627969843
2015-08-31,9,35,2015,0.02139495482658319
2015-09-30,9,35,2015,0.06780509737430387
2015-10-31,9,35,2015,-0.0025886475279800853
2015-11-30,9,35,2015,0.046715112758602385
2015-12-31,9,35,2015,-0.008923741306228557
2018-01-31,9,38,2018,0.06802121851555902
2018-02-28,9,38,2018,-0.052790323116327545
2018-03-31,9,38,2018,0.005733144542507004
2018-04-30,9,38,2018,-0.02007734290627938
2018-05-31,9,38,2018,-0.023083024483035983
2018-06-30,9,38,2018,0.008976200125424294
2018-07-31,9,38,2018,0.0318262302650899
2018-08-31,9,38,2018,0.005753026050192284
2018-09-30,9,38,2018,-0.039654212542255395
2018-10-31,9,38,2018,-0.013255757757816847
2018-11-30,9,38,2018,-0.013778826408664084
2018-12-31,9,38,2018,-0.05503006609576767
2019-01-31,9,39,2019,0.05130037725975575
2019-02-28,9,39,2019,-0.007030847074816431
2019-03-31,9,39,2019,0.05204144259910262
2019-04-30,9,39,2019,0.03253061008883781
2019-05-31,9,39,2019,-0.009631484377961116
2019-06-30,9,39,2019,0.024085770590898482
2019-07-31,9,39,2019,0.00400185604871253
2019-08-31,9,39,2019,0.010550577761928635
2019-09-30,9,39,2019,0.008863351506956323
2019-10-31,9,39,2019,-0.01635943122366424
2019-11-30,9,39,2019,-0.04734105526137517
2019-12-31,9,39,2019,-0.030320532073980368
2020-01-31,9,40,2020,0.08628019434558268
2020-02-29,9,40,2020,-0.014225933422997612
2020-03-31,9,40,2020,-0.09099870838342516
2020-04-30,9,40,2020,0.13097734261383054
2020-05-31,9,40,2020,-0.03319358933325938
2020-06-30,9,40,2020,0.07610169159107971
2020-07-31,9,40,2020,0.036961230580571824
2020-08-31,9,40,2020,0.07737531354766637
2020-09-30,9,40,2020,0.025444357464105623
2020-10-31,9,40,2020,0.05813891672996996
2020-11-30,9,40,2020,0.04476713483873909
2020-12-31,9,40,2020,0.03578038472719775
2023-01-31,9,43,2023,0.013698613678017058
2023-02-28,9,43,2023,0.01075142319373313
2023-03-31,9,43,2023,0.012064042324901204
2023-04-30,9,43,2023,0.029883524970232785
2023-05-31,9,43,2023,-0.007071511747088993
2023-06-30,9,43,2023,0.056476539471263444
2023-07-31,9,43,2023,-0.03718042671101098
2023-08-31,9,43,2023,-0.028063342828017365
2023-09-30,9,43,2023,-0.0010270688431650125
2023-10-31,9,43,2023,0.005217831876149966
2023-11-30,9,43,2023,0.10252270984620297
2023-12-31,9,43,2023,0.055017065461511694
2024-01-31,9,44,2024,-0.0029173058748940355
2024-02-29,9,44,2024,-0.008009941643669409
2024-03-31,9,44,2024,0.04521220696672865
2024-04-30,9,44,2024,-0.0004941217572616235
2024-05-31,9,44,2024,0.002892244884677206
2024-06-30,9,44,2024,0.04408472273476886
2024-07-31,9,44,2024,-0.018212519130734073
2024-08-31,9,44,2024,0.06624929098337226
2024-09-30,9,44,2024,0.009984772212597375
2024-10-31,9,44,2024,-0.05219420661878748
2024-11-30,9,44,2024,0.109332283919884
2024-12-31,9,44,2024,-0.02678707140735904
